Date,signal,short_mavg,long_mavg,positions
2021-01-04 00:00:00-05:00,0.0,243.2566680908203,243.2566680908203,
2021-01-05 00:00:00-05:00,0.0,244.14666748046875,244.14666748046875,0.0
2021-01-06 00:00:00-05:00,0.0,246.76222229003906,246.76222229003906,0.0
2021-01-07 00:00:00-05:00,1.0,256.3477783203125,253.07500076293945,1.0
2021-01-08 00:00:00-05:00,1.0,272.4488881429036,261.1279998779297,0.0
2021-01-11 00:00:00-05:00,1.0,278.5833333333333,262.6727778116862,0.0
2021-01-12 00:00:00-05:00,1.0,282.29444376627606,265.59761919294084,0.0
2021-01-13 00:00:00-05:00,1.0,279.4488932291667,267.99833488464355,0.0
2021-01-14 00:00:00-05:00,1.0,283.20555623372394,269.5170372856988,0.0
2021-01-15 00:00:00-05:00,1.0,280.61888631184894,270.10399932861327,0.0
2021-01-19 00:00:00-05:00,1.0,279.52332560221356,271.14151417125356,0.0
2021-01-20 00:00:00-05:00,1.0,280.12888590494794,272.16999944051105,0.0
2021-01-21 00:00:00-05:00,1.0,282.2211100260417,272.9002556434044,0.0
2021-01-22 00:00:00-05:00,1.0,282.4533284505208,273.5654743739537,0.0
2021-01-25 00:00:00-05:00,1.0,285.82555135091144,274.90110982259114,0.0
2021-01-26 00:00:00-05:00,1.0,290.0588887532552,276.11749935150146,0.0
2021-01-27 00:00:00-05:00,1.0,292.0055643717448,276.81960790297563,0.0
2021-01-28 00:00:00-05:00,1.0,286.9644470214844,276.9116660224067,0.0
2021-01-29 00:00:00-05:00,1.0,277.0133361816406,276.25894727204974,0.0
2021-02-01 00:00:00-05:00,0.0,274.3077799479167,276.4428337097168,-1.0
2021-02-02 00:00:00-05:00,1.0,278.4588928222656,277.1326984223865,1.0
2021-02-03 00:00:00-05:00,1.0,285.2544453938802,277.48560610684484,0.0
2021-02-04 00:00:00-05:00,1.0,286.3855489095052,277.7397096053414,0.0
2021-02-05 00:00:00-05:00,1.0,284.1011047363281,278.0037492116292,0.0
2021-02-08 00:00:00-05:00,1.0,285.07110595703125,278.3958660888672,0.0
2021-02-09 00:00:00-05:00,1.0,285.01221720377606,279.9917321777344,0.0
2021-02-10 00:00:00-05:00,0.0,279.74444580078125,280.9211993408203,-1.0
2021-02-11 00:00:00-05:00,0.0,273.9933369954427,281.6635998535156,0.0
2021-02-12 00:00:00-05:00,0.0,270.2888997395833,281.6646667480469,0.0
2021-02-16 00:00:00-05:00,0.0,269.3333435058594,280.547333984375,0.0
2021-02-17 00:00:00-05:00,0.0,267.8322245279948,280.373466796875,0.0
2021-02-18 00:00:00-05:00,0.0,264.6388854980469,279.5459997558594,0.0
2021-02-19 00:00:00-05:00,0.0,262.98109944661456,278.5711987304687,0.0
2021-02-22 00:00:00-05:00,0.0,253.68666076660156,276.8311993408203,0.0
2021-02-23 00:00:00-05:00,0.0,243.84888712565103,275.13359985351565,0.0
2021-02-24 00:00:00-05:00,0.0,239.48444620768228,273.766533203125,0.0
2021-02-25 00:00:00-05:00,0.0,235.89777628580728,271.5234661865234,0.0
2021-02-26 00:00:00-05:00,0.0,233.304443359375,269.26359985351564,0.0
2021-03-01 00:00:00-05:00,0.0,230.68333435058594,267.5541339111328,0.0
2021-03-02 00:00:00-05:00,0.0,231.15222676595053,264.9626672363281,0.0
2021-03-03 00:00:00-05:00,0.0,228.67444864908853,261.8974670410156,0.0
2021-03-04 00:00:00-05:00,0.0,217.8977813720703,258.66119995117185,0.0
2021-03-05 00:00:00-05:00,0.0,208.06555684407553,255.49480041503907,0.0
2021-03-08 00:00:00-05:00,0.0,198.0433349609375,252.42106689453124,0.0
2021-03-09 00:00:00-05:00,0.0,203.836669921875,250.20466674804686,0.0
2021-03-10 00:00:00-05:00,0.0,211.62666829427084,247.4749334716797,0.0
2021-03-11 00:00:00-05:00,0.0,226.804443359375,245.40706665039062,0.0
2021-03-12 00:00:00-05:00,0.0,229.04332987467447,243.3236004638672,0.0
2021-03-15 00:00:00-04:00,0.0,233.4744415283203,241.39973388671876,0.0
2021-03-16 00:00:00-04:00,0.0,230.9499969482422,238.91253356933595,0.0
2021-03-17 00:00:00-04:00,0.0,231.84777323404947,236.9438671875,0.0
2021-03-18 00:00:00-04:00,0.0,225.7611083984375,234.9217333984375,0.0
2021-03-19 00:00:00-04:00,0.0,223.3155517578125,232.83119934082032,0.0
2021-03-22 00:00:00-04:00,0.0,219.7811075846354,230.88293212890625,0.0
2021-03-23 00:00:00-04:00,0.0,220.7811075846354,229.09546508789063,0.0
2021-03-24 00:00:00-04:00,0.0,218.0477752685547,226.8570654296875,0.0
2021-03-25 00:00:00-04:00,0.0,214.75777689615884,224.89719909667969,0.0
2021-03-26 00:00:00-04:00,0.0,209.92999776204428,222.7293328857422,0.0
2021-03-29 00:00:00-04:00,0.0,207.82111104329428,221.35319946289061,0.0
2021-03-30 00:00:00-04:00,0.0,207.2911122639974,220.51026611328126,0.0
2021-03-31 00:00:00-04:00,0.0,212.75999959309897,219.5223992919922,0.0
2021-04-01 00:00:00-04:00,0.0,218.36666361490884,219.2494659423828,0.0
2021-04-05 00:00:00-04:00,1.0,224.52555338541666,219.45679931640626,1.0
2021-04-06 00:00:00-04:00,1.0,227.15777587890625,219.09933227539062,0.0
2021-04-07 00:00:00-04:00,1.0,228.18222045898438,218.89306518554687,0.0
2021-04-08 00:00:00-04:00,1.0,227.3766632080078,219.30106506347656,0.0
2021-04-09 00:00:00-04:00,1.0,225.75444539388022,220.04213195800781,0.0
2021-04-12 00:00:00-04:00,1.0,229.20000203450522,221.42919860839845,0.0
2021-04-13 00:00:00-04:00,1.0,237.92444864908853,224.08679870605468,0.0
2021-04-14 00:00:00-04:00,1.0,244.05888875325522,224.86879821777345,0.0
2021-04-15 00:00:00-04:00,1.0,248.15555826822916,225.81266540527344,0.0
2021-04-16 00:00:00-04:00,1.0,245.65111287434897,226.34839904785156,0.0
2021-04-19 00:00:00-04:00,1.0,243.69556172688803,226.62706604003907,0.0
2021-04-20 00:00:00-04:00,1.0,241.4888916015625,226.7743994140625,0.0
2021-04-21 00:00:00-04:00,1.0,241.97111002604166,227.6709326171875,0.0
2021-04-22 00:00:00-04:00,1.0,242.53333028157553,227.90933288574217,0.0
2021-04-23 00:00:00-04:00,1.0,243.68999735514322,228.9258660888672,0.0
2021-04-26 00:00:00-04:00,1.0,243.03222147623697,230.03693298339843,0.0
2021-04-27 00:00:00-04:00,1.0,241.37110900878906,230.50013305664064,0.0
2021-04-28 00:00:00-04:00,1.0,237.48221842447916,230.92999938964843,0.0
2021-04-29 00:00:00-04:00,0.0,230.68222045898438,231.55306640625,-1.0
2021-04-30 00:00:00-04:00,0.0,231.2044423421224,232.47373291015626,0.0
2021-05-03 00:00:00-04:00,0.0,230.14889017740884,233.35626647949218,0.0
2021-05-04 00:00:00-04:00,0.0,229.77111307779947,234.18706665039062,0.0
2021-05-05 00:00:00-04:00,0.0,225.49333699544272,234.65799987792968,0.0
2021-05-06 00:00:00-04:00,0.0,223.12000020345053,234.59946655273438,0.0
2021-05-07 00:00:00-04:00,0.0,222.98333231608072,234.74106689453126,0.0
2021-05-10 00:00:00-04:00,0.0,218.32777404785156,233.91426635742187,0.0
2021-05-11 00:00:00-04:00,0.0,213.17888895670572,232.9220001220703,0.0
2021-05-12 00:00:00-04:00,0.0,204.01444498697916,231.84093383789062,0.0
2021-05-13 00:00:00-04:00,0.0,197.64222717285156,230.34613403320313,0.0
2021-05-14 00:00:00-04:00,0.0,194.59111531575522,229.18240051269532,0.0
2021-05-17 00:00:00-04:00,0.0,193.14000447591147,227.51373413085938,0.0
2021-05-18 00:00:00-04:00,0.0,193.82667032877603,225.0544006347656,0.0
2021-05-19 00:00:00-04:00,0.0,190.90667215983072,222.80413452148437,0.0
2021-05-20 00:00:00-04:00,0.0,192.0122273763021,220.77653442382814,0.0
2021-05-21 00:00:00-04:00,0.0,192.34666951497397,218.65786743164062,0.0
2021-05-24 00:00:00-04:00,0.0,197.12222290039062,217.21533386230467,0.0
2021-05-25 00:00:00-04:00,0.0,199.11222330729166,215.69133422851561,0.0
2021-05-26 00:00:00-04:00,0.0,203.36222330729166,214.02480102539062,0.0
2021-05-27 00:00:00-04:00,0.0,206.07444763183594,212.84026794433595,0.0
2021-05-28 00:00:00-04:00,0.0,208.35555521647134,211.451201171875,0.0
2021-06-01 00:00:00-04:00,0.0,208.88555399576822,209.92720092773436,0.0
2021-06-02 00:00:00-04:00,0.0,206.02666219075522,208.59893432617187,0.0
2021-06-03 00:00:00-04:00,0.0,200.2066650390625,206.978134765625,0.0
2021-06-04 00:00:00-04:00,0.0,197.445556640625,205.93880126953124,0.0
2021-06-07 00:00:00-04:00,0.0,197.44667053222656,204.54800170898437,0.0
2021-06-08 00:00:00-04:00,0.0,200.86333719889322,203.46386840820313,0.0
2021-06-09 00:00:00-04:00,0.0,200.83333841959634,202.46626831054687,0.0
2021-06-10 00:00:00-04:00,0.0,201.38778177897134,201.6553350830078,0.0
2021-06-11 00:00:00-04:00,1.0,202.08777872721353,200.9400018310547,1.0
2021-06-14 00:00:00-04:00,1.0,204.1888885498047,200.21093505859375,0.0
2021-06-15 00:00:00-04:00,1.0,202.9933319091797,199.8152020263672,0.0
2021-06-16 00:00:00-04:00,1.0,202.43555704752603,199.65080200195314,0.0
2021-06-17 00:00:00-04:00,1.0,202.31444803873697,200.00693542480468,0.0
2021-06-18 00:00:00-04:00,1.0,204.9755605061849,200.69520202636718,0.0
2021-06-21 00:00:00-04:00,1.0,206.74889119466147,201.10973510742187,0.0
2021-06-22 00:00:00-04:00,1.0,207.53888956705728,201.7348016357422,0.0
2021-06-23 00:00:00-04:00,1.0,211.23444620768228,202.78413513183594,0.0
2021-06-24 00:00:00-04:00,1.0,217.7888946533203,204.33560180664062,0.0
2021-06-25 00:00:00-04:00,1.0,223.14000447591147,205.4701348876953,0.0
2021-06-28 00:00:00-04:00,1.0,226.71222432454428,206.9080017089844,0.0
2021-06-29 00:00:00-04:00,1.0,226.81666564941406,207.89893493652343,0.0
2021-06-30 00:00:00-04:00,1.0,227.6866658528646,208.89906799316407,0.0
2021-07-01 00:00:00-04:00,1.0,226.48666381835938,209.6829345703125,0.0
2021-07-02 00:00:00-04:00,1.0,226.27999877929688,210.32360107421874,0.0
2021-07-06 00:00:00-04:00,1.0,224.04444376627603,210.78173461914062,0.0
2021-07-07 00:00:00-04:00,1.0,220.3477783203125,211.05840148925782,0.0
2021-07-08 00:00:00-04:00,1.0,217.44888814290366,211.69426818847657,0.0
2021-07-09 00:00:00-04:00,1.0,217.15666707356772,212.81573486328125,0.0
2021-07-12 00:00:00-04:00,1.0,221.71777852376303,213.97106811523437,0.0
2021-07-13 00:00:00-04:00,1.0,223.4655558268229,214.81653442382813,0.0
2021-07-14 00:00:00-04:00,1.0,223.06888834635416,215.48040100097657,0.0
2021-07-15 00:00:00-04:00,1.0,219.16888936360678,216.17133422851563,0.0
2021-07-16 00:00:00-04:00,0.0,216.46666971842447,216.6260009765625,-1.0
2021-07-19 00:00:00-04:00,0.0,215.67111206054688,217.11040100097657,0.0
2021-07-20 00:00:00-04:00,0.0,216.77111307779947,217.681201171875,0.0
2021-07-21 00:00:00-04:00,0.0,218.00110880533853,218.42693420410157,0.0
2021-07-22 00:00:00-04:00,0.0,218.3388875325521,219.01880065917967,0.0
2021-07-23 00:00:00-04:00,0.0,216.4366658528646,219.3758673095703,0.0
2021-07-26 00:00:00-04:00,0.0,216.695556640625,219.83333374023437,0.0
2021-07-27 00:00:00-04:00,0.0,216.1977793375651,220.1526672363281,0.0
2021-07-28 00:00:00-04:00,0.0,216.5977783203125,220.46293395996094,0.0
2021-07-29 00:00:00-04:00,0.0,218.79000345865884,220.74000061035156,0.0
2021-07-30 00:00:00-04:00,1.0,223.50333658854166,220.8384002685547,1.0
2021-08-02 00:00:00-04:00,1.0,230.4688924153646,221.34240051269532,0.0
2021-08-03 00:00:00-04:00,1.0,234.06777954101562,221.6226672363281,0.0
2021-08-04 00:00:00-04:00,1.0,236.70333353678384,222.02480041503907,0.0
2021-08-05 00:00:00-04:00,1.0,237.25444539388022,222.4905340576172,0.0
2021-08-06 00:00:00-04:00,1.0,236.07222493489584,222.7729345703125,0.0
2021-08-09 00:00:00-04:00,1.0,236.38778177897134,223.237734375,0.0
2021-08-10 00:00:00-04:00,1.0,235.87222290039062,223.90986755371094,0.0
2021-08-11 00:00:00-04:00,1.0,236.8411102294922,224.75213439941408,0.0
2021-08-12 00:00:00-04:00,1.0,237.7844441731771,225.67800109863282,0.0
2021-08-13 00:00:00-04:00,1.0,238.58222452799478,226.48093444824218,0.0
2021-08-16 00:00:00-04:00,1.0,236.17666625976562,226.48720092773436,0.0
2021-08-17 00:00:00-04:00,1.0,229.89444478352866,226.4494677734375,0.0
2021-08-18 00:00:00-04:00,0.0,226.7633310953776,226.924267578125,-1.0
2021-08-19 00:00:00-04:00,0.0,225.35222371419272,227.2292010498047,0.0
2021-08-20 00:00:00-04:00,0.0,226.96888732910156,227.70973388671874,0.0
2021-08-23 00:00:00-04:00,1.0,228.89222208658853,228.51080078125,1.0
2021-08-24 00:00:00-04:00,1.0,232.78333028157553,229.1506671142578,0.0
2021-08-25 00:00:00-04:00,1.0,236.22111002604166,229.8961340332031,0.0
2021-08-26 00:00:00-04:00,1.0,235.6499989827474,230.58813415527345,0.0
2021-08-27 00:00:00-04:00,1.0,236.03111267089844,231.50200073242186,0.0
2021-08-30 00:00:00-04:00,1.0,238.2211151123047,232.4792010498047,0.0
2021-08-31 00:00:00-04:00,1.0,242.06111653645834,233.69173461914062,0.0
2021-09-01 00:00:00-04:00,1.0,244.52444966634116,234.85320129394532,0.0
2021-09-02 00:00:00-04:00,1.0,244.68889363606772,235.58706787109375,0.0
2021-09-03 00:00:00-04:00,1.0,244.45000203450522,236.20533447265626,0.0
2021-09-07 00:00:00-04:00,1.0,246.54222106933594,236.78200073242186,0.0
2021-09-08 00:00:00-04:00,1.0,248.92888387044272,237.370400390625,0.0
2021-09-09 00:00:00-04:00,1.0,251.29443868001303,237.95626708984375,0.0
2021-09-10 00:00:00-04:00,1.0,249.44444274902344,238.24480041503907,0.0
2021-09-13 00:00:00-04:00,1.0,248.2366689046224,238.8301336669922,0.0
2021-09-14 00:00:00-04:00,1.0,247.0844472249349,239.23986694335937,0.0
2021-09-15 00:00:00-04:00,1.0,249.25777689615884,239.85106689453124,0.0
2021-09-16 00:00:00-04:00,1.0,250.81222025553384,240.5066668701172,0.0
2021-09-17 00:00:00-04:00,1.0,252.47888692220053,241.0032000732422,0.0
2021-09-20 00:00:00-04:00,1.0,249.62777709960938,241.176533203125,0.0
2021-09-21 00:00:00-04:00,1.0,247.67111206054688,241.88600036621094,0.0
2021-09-22 00:00:00-04:00,1.0,246.83222452799478,243.03573364257812,0.0
2021-09-23 00:00:00-04:00,1.0,249.44000244140625,243.89773376464845,0.0
2021-09-24 00:00:00-04:00,1.0,253.3300018310547,245.24333374023436,0.0
2021-09-27 00:00:00-04:00,1.0,257.7100067138672,246.72466796875,0.0
2021-09-28 00:00:00-04:00,1.0,260.36778767903644,247.6748016357422,0.0
2021-09-29 00:00:00-04:00,1.0,261.1366780598958,248.6457354736328,0.0
2021-09-30 00:00:00-04:00,1.0,259.3722330729167,249.502802734375,0.0
2021-10-01 00:00:00-04:00,1.0,259.1122334798177,250.49026977539063,0.0
2021-10-04 00:00:00-04:00,1.0,259.1366780598958,251.4184033203125,0.0
2021-10-05 00:00:00-04:00,1.0,259.70444742838544,252.0808026123047,0.0
2021-10-06 00:00:00-04:00,1.0,260.5411071777344,252.70786865234376,0.0
2021-10-07 00:00:00-04:00,1.0,261.8833312988281,253.50146911621093,0.0
2021-10-08 00:00:00-04:00,1.0,262.4277750651042,254.20946838378907,0.0
2021-10-11 00:00:00-04:00,1.0,263.4488932291667,254.98773559570313,0.0
2021-10-12 00:00:00-04:00,1.0,264.79444376627606,255.69173583984374,0.0
2021-10-13 00:00:00-04:00,1.0,267.6377766927083,256.45453552246096,0.0
2021-10-14 00:00:00-04:00,1.0,270.5688883463542,257.30066955566406,0.0
2021-10-15 00:00:00-04:00,1.0,274.7144470214844,258.72413635253906,0.0
2021-10-18 00:00:00-04:00,1.0,281.2733459472656,260.41893676757815,0.0
2021-10-19 00:00:00-04:00,1.0,286.37889607747394,262.01600341796876,0.0
2021-10-20 00:00:00-04:00,1.0,288.9088948567708,263.4822705078125,0.0
2021-10-21 00:00:00-04:00,1.0,291.56333414713544,265.3090704345703,0.0
2021-10-22 00:00:00-04:00,1.0,296.60888671875,267.31160339355466,0.0
2021-10-25 00:00:00-04:00,1.0,314.28221638997394,271.24080322265627,0.0
2021-10-26 00:00:00-04:00,1.0,328.10776774088544,274.96146911621094,0.0
2021-10-27 00:00:00-04:00,1.0,342.34999593098956,278.77373596191404,0.0
2021-10-28 00:00:00-04:00,1.0,348.1477762858073,283.0857360839844,0.0
2021-10-29 00:00:00-04:00,1.0,358.7666727701823,287.61386962890623,0.0
2021-11-01 00:00:00-04:00,1.0,377.73667399088544,293.17693603515625,0.0
2021-11-02 00:00:00-04:00,1.0,388.28778076171875,298.43613525390623,0.0
2021-11-03 00:00:00-04:00,1.0,399.3833312988281,304.20346801757813,0.0
2021-11-04 00:00:00-04:00,1.0,401.75221761067706,310.2625341796875,0.0
2021-11-05 00:00:00-04:00,1.0,407.3177795410156,316.22080078125,0.0
2021-11-08 00:00:00-05:00,1.0,401.6600036621094,321.30626708984374,0.0
2021-11-09 00:00:00-05:00,1.0,378.7255554199219,324.54506713867187,0.0
2021-11-10 00:00:00-05:00,1.0,361.59888712565106,328.347734375,0.0
2021-11-11 00:00:00-05:00,1.0,350.5511067708333,331.9464001464844,0.0
2021-11-12 00:00:00-05:00,1.0,351.65333048502606,335.2521337890625,0.0
2021-11-15 00:00:00-05:00,1.0,345.5911051432292,338.2047998046875,0.0
2021-11-16 00:00:00-05:00,1.0,344.6155497233073,341.5249328613281,0.0
2021-11-17 00:00:00-05:00,1.0,350.79221598307294,345.23066650390626,0.0
2021-11-18 00:00:00-05:00,1.0,360.01332600911456,348.93813232421877,0.0
2021-11-19 00:00:00-05:00,1.0,369.1611022949219,352.8585314941406,0.0
2021-11-22 00:00:00-05:00,1.0,376.7011006673177,356.6819970703125,0.0
2021-11-23 00:00:00-05:00,1.0,378.1066589355469,359.9454638671875,0.0
2021-11-24 00:00:00-05:00,1.0,375.76666259765625,363.2814636230469,0.0
2021-11-26 00:00:00-05:00,1.0,367.4388936360677,365.78706420898436,0.0
2021-11-29 00:00:00-05:00,1.0,370.5455627441406,368.8178649902344,0.0
2021-11-30 00:00:00-05:00,1.0,373.7411193847656,370.4165319824219,0.0
2021-12-01 00:00:00-05:00,1.0,375.19444783528644,371.4374658203125,0.0
2021-12-02 00:00:00-05:00,0.0,369.3733317057292,372.06066528320315,-1.0
2021-12-03 00:00:00-05:00,0.0,354.9522196451823,371.2330651855469,0.0
2021-12-06 00:00:00-05:00,0.0,345.3977762858073,369.8331982421875,0.0
2021-12-07 00:00:00-05:00,0.0,341.74778238932294,367.74199829101565,0.0
2021-12-08 00:00:00-05:00,0.0,347.7466735839844,366.3681323242188,0.0
2021-12-09 00:00:00-05:00,0.0,347.16778564453125,363.56733276367186,0.0
2021-12-10 00:00:00-05:00,0.0,343.3100077311198,360.72893310546874,0.0
2021-12-13 00:00:00-05:00,0.0,331.9155578613281,357.31986572265623,0.0
2021-12-14 00:00:00-05:00,0.0,326.8833312988281,354.5941320800781,0.0
2021-12-15 00:00:00-05:00,0.0,322.3233235677083,353.9606652832031,0.0
2021-12-16 00:00:00-05:00,0.0,317.935546875,352.0802648925781,0.0
2021-12-17 00:00:00-05:00,0.0,315.05332438151044,350.3343981933594,0.0
2021-12-20 00:00:00-05:00,0.0,306.60333251953125,348.55466552734373,0.0
2021-12-21 00:00:00-05:00,0.0,307.89333089192706,347.55653198242186,0.0
2021-12-22 00:00:00-05:00,0.0,316.37111409505206,346.94506591796875,0.0
2021-12-23 00:00:00-05:00,0.0,334.93332926432294,346.65159912109374,0.0
2021-12-27 00:00:00-05:00,1.0,352.20111083984375,346.6190661621094,1.0
2021-12-28 00:00:00-05:00,1.0,361.04555257161456,345.97119995117185,0.0
2021-12-29 00:00:00-05:00,1.0,363.1777750651042,345.02880004882815,0.0
2021-12-30 00:00:00-05:00,1.0,360.55555216471356,344.5129333496094,0.0
2021-12-31 00:00:00-05:00,1.0,357.03444417317706,343.72333374023435,0.0
2022-01-03 00:00:00-05:00,1.0,369.6555582682292,345.2947998046875,0.0
2022-01-04 00:00:00-05:00,1.0,378.4611104329427,345.4627990722656,0.0
2022-01-05 00:00:00-05:00,1.0,381.9433288574219,344.7075988769531,0.0
2022-01-06 00:00:00-05:00,1.0,366.93443806966144,344.3035986328125,0.0
2022-01-07 00:00:00-05:00,1.0,353.3088887532552,343.5350659179687,0.0
2022-01-10 00:00:00-05:00,1.0,349.9755554199219,344.1103991699219,0.0
2022-01-11 00:00:00-05:00,1.0,349.9422200520833,344.84893188476565,0.0
2022-01-12 00:00:00-05:00,1.0,358.74888102213544,345.57519775390625,0.0
2022-01-13 00:00:00-05:00,1.0,355.7977701822917,345.07653076171874,0.0
2022-01-14 00:00:00-05:00,1.0,354.15443929036456,345.6873303222656,0.0
2022-01-18 00:00:00-05:00,0.0,345.7422180175781,345.86706298828125,-1.0
2022-01-19 00:00:00-05:00,0.0,341.75221761067706,346.2569299316406,0.0
2022-01-20 00:00:00-05:00,0.0,335.82555135091144,346.7603967285156,0.0
2022-01-21 00:00:00-05:00,0.0,326.2022196451823,346.3325305175781,0.0
2022-01-24 00:00:00-05:00,0.0,318.90777587890625,346.37359741210935,0.0
2022-01-25 00:00:00-05:00,0.0,310.25555419921875,346.1846643066406,0.0
2022-01-26 00:00:00-05:00,0.0,309.53444417317706,346.68426391601565,0.0
2022-01-27 00:00:00-05:00,0.0,298.3233337402344,345.22519775390623,0.0
2022-01-28 00:00:00-05:00,0.0,290.3177795410156,343.0582641601562,0.0
2022-01-31 00:00:00-05:00,0.0,290.24110921223956,341.3211975097656,0.0
2022-02-01 00:00:00-05:00,0.0,301.5911051432292,339.1519970703125,0.0
2022-02-02 00:00:00-05:00,0.0,308.1811014811198,336.7145300292969,0.0
2022-02-03 00:00:00-05:00,0.0,303.1166585286458,334.1138635253906,0.0
2022-02-04 00:00:00-05:00,0.0,302.2355550130208,332.1535974121094,0.0
2022-02-07 00:00:00-05:00,0.0,302.42222086588544,330.1610632324219,0.0
2022-02-08 00:00:00-05:00,0.0,305.8511149088542,326.45733032226565,0.0
2022-02-09 00:00:00-05:00,0.0,306.8155517578125,323.55613037109373,0.0
2022-02-10 00:00:00-05:00,0.0,306.50555419921875,321.1085302734375,0.0
2022-02-11 00:00:00-05:00,0.0,299.6166585286458,318.37919677734374,0.0
2022-02-14 00:00:00-05:00,0.0,293.36777750651044,316.3631970214844,0.0
2022-02-15 00:00:00-05:00,0.0,295.3544413248698,314.55399658203123,0.0
2022-02-16 00:00:00-05:00,0.0,302.3977762858073,312.67386352539063,0.0
2022-02-17 00:00:00-05:00,0.0,302.4633280436198,309.6089306640625,0.0
2022-02-18 00:00:00-05:00,0.0,295.1911112467448,307.2811975097656,0.0
2022-02-22 00:00:00-05:00,0.0,283.8733317057292,304.24013061523436,0.0
2022-02-23 00:00:00-05:00,0.0,271.3944396972656,300.687197265625,0.0
2022-02-24 00:00:00-05:00,0.0,265.1488850911458,298.0887976074219,0.0
2022-02-25 00:00:00-05:00,0.0,263.85333251953125,295.60346435546876,0.0
2022-02-28 00:00:00-05:00,0.0,275.67444864908856,294.6238647460938,0.0
2022-03-01 00:00:00-05:00,0.0,282.74110921223956,293.74879760742186,0.0
2022-03-02 00:00:00-05:00,0.0,290.52110799153644,293.2353308105469,0.0
2022-03-03 00:00:00-05:00,0.0,287.0611063639323,291.92706420898435,0.0
2022-03-04 00:00:00-05:00,0.0,284.163330078125,292.0495971679687,0.0
2022-03-07 00:00:00-05:00,0.0,275.79555257161456,291.49266357421874,0.0
2022-03-08 00:00:00-05:00,0.0,274.14110310872394,289.9950634765625,0.0
2022-03-09 00:00:00-05:00,0.0,276.4388834635417,289.03133056640627,0.0
2022-03-10 00:00:00-05:00,0.0,280.185546875,288.13319702148436,0.0
2022-03-11 00:00:00-05:00,0.0,276.95777384440106,286.85599731445313,0.0
2022-03-14 00:00:00-04:00,0.0,266.66888427734375,284.763330078125,0.0
2022-03-15 00:00:00-04:00,0.0,262.6233317057292,283.3573303222656,0.0
2022-03-16 00:00:00-04:00,0.0,267.60999552408856,282.2670629882812,0.0
2022-03-17 00:00:00-04:00,0.0,279.3022155761719,281.46172973632815,0.0
2022-03-18 00:00:00-04:00,1.0,290.8022155761719,281.4729296875,1.0
2022-03-21 00:00:00-04:00,1.0,299.79444376627606,282.28839721679685,0.0
2022-03-22 00:00:00-04:00,1.0,313.39222208658856,283.8646630859375,0.0
2022-03-23 00:00:00-04:00,1.0,323.80556233723956,284.8870642089844,0.0
2022-03-24 00:00:00-04:00,1.0,334.1122233072917,286.094130859375,0.0
2022-03-25 00:00:00-04:00,1.0,335.9633382161458,287.8846643066406,0.0
2022-03-28 00:00:00-04:00,1.0,346.26666259765625,291.01613037109377,0.0
2022-03-29 00:00:00-04:00,1.0,355.78333536783856,294.7233312988281,0.0
2022-03-30 00:00:00-04:00,1.0,365.04444376627606,299.1226647949219,0.0
2022-03-31 00:00:00-04:00,1.0,363.4622294108073,302.8137316894531,0.0
2022-04-01 00:00:00-04:00,1.0,361.7977803548177,306.4766650390625,0.0
2022-04-04 00:00:00-04:00,1.0,367.51556396484375,310.1435986328125,0.0
2022-04-05 00:00:00-04:00,1.0,369.03333536783856,313.168798828125,0.0
2022-04-06 00:00:00-04:00,1.0,364.71889241536456,315.3803991699219,0.0
2022-04-07 00:00:00-04:00,1.0,354.9200032552083,318.28666625976564,0.0
2022-04-08 00:00:00-04:00,1.0,347.6122233072917,320.782666015625,0.0
2022-04-11 00:00:00-04:00,1.0,339.85333251953125,323.06733276367186,0.0
2022-04-12 00:00:00-04:00,1.0,332.0411071777344,325.2346667480469,0.0
2022-04-13 00:00:00-04:00,1.0,331.69444783528644,327.41333374023435,0.0
2022-04-14 00:00:00-04:00,1.0,332.7022298177083,329.36933471679686,0.0
2022-04-18 00:00:00-04:00,1.0,334.62889607747394,332.15520141601564,0.0
2022-04-19 00:00:00-04:00,0.0,335.2711181640625,335.6456018066406,-1.0
2022-04-20 00:00:00-04:00,0.0,334.4044494628906,337.9830688476562,0.0
2022-04-21 00:00:00-04:00,0.0,334.90334065755206,340.23040283203125,0.0
2022-04-22 00:00:00-04:00,0.0,332.336669921875,342.009736328125,0.0
2022-04-25 00:00:00-04:00,0.0,334.65000406901044,343.2448034667969,0.0
2022-04-26 00:00:00-04:00,0.0,319.94333902994794,342.64827026367186,0.0
2022-04-27 00:00:00-04:00,0.0,306.2166748046875,341.1486706542969,0.0
2022-04-28 00:00:00-04:00,0.0,292.82667032877606,339.52733642578124,0.0
2022-04-29 00:00:00-04:00,0.0,292.19777425130206,337.6185363769531,0.0
2022-05-02 00:00:00-04:00,0.0,294.5788879394531,336.18253662109373,0.0
2022-05-03 00:00:00-04:00,0.0,298.1055603027344,333.7480041503906,0.0
2022-05-04 00:00:00-04:00,0.0,307.2011210123698,331.7886706542969,0.0
2022-05-05 00:00:00-04:00,0.0,303.9055582682292,328.84587036132814,0.0
2022-05-06 00:00:00-04:00,0.0,299.0611063639323,326.0198693847656,0.0
2022-05-09 00:00:00-04:00,0.0,280.6711018880208,322.05346923828125,0.0
2022-05-10 00:00:00-04:00,0.0,272.5333251953125,317.44800170898435,0.0
2022-05-11 00:00:00-04:00,0.0,257.9055531819661,312.6845355224609,0.0
2022-05-12 00:00:00-04:00,0.0,251.33777872721353,308.44773559570314,0.0
2022-05-13 00:00:00-04:00,0.0,247.9544474283854,304.6121350097656,0.0
2022-05-16 00:00:00-04:00,0.0,246.8844451904297,300.5972021484375,0.0
2022-05-17 00:00:00-04:00,0.0,250.61888631184897,297.73960205078123,0.0
2022-05-18 00:00:00-04:00,0.0,243.9766642252604,294.0444018554688,0.0
2022-05-19 00:00:00-04:00,0.0,242.3155517578125,289.8717346191406,0.0
2022-05-20 00:00:00-04:00,0.0,231.4588877360026,285.59040100097656,0.0
2022-05-23 00:00:00-04:00,0.0,227.57999674479166,281.1985339355469,0.0
2022-05-24 00:00:00-04:00,0.0,218.55111185709634,275.8653338623047,0.0
2022-05-25 00:00:00-04:00,0.0,217.98444620768228,271.62000061035155,0.0
2022-05-26 00:00:00-04:00,0.0,221.6322275797526,267.60600036621094,0.0
2022-05-27 00:00:00-04:00,0.0,236.24000549316406,264.3337341308594,0.0
2022-05-31 00:00:00-04:00,0.0,247.2911122639974,261.13693359375,0.0
2022-06-01 00:00:00-04:00,0.0,250.91777547200522,259.3229327392578,0.0
2022-06-02 00:00:00-04:00,0.0,252.62555440266928,257.9027996826172,0.0
2022-06-03 00:00:00-04:00,0.0,246.54666646321616,255.58333312988282,0.0
2022-06-06 00:00:00-04:00,0.0,243.71000162760416,253.50440002441405,0.0
2022-06-07 00:00:00-04:00,0.0,237.22777811686197,251.02066650390626,0.0
2022-06-08 00:00:00-04:00,0.0,239.6777801513672,248.57199951171876,0.0
2022-06-09 00:00:00-04:00,0.0,240.15333557128906,245.45866577148436,0.0
2022-06-10 00:00:00-04:00,0.0,237.93444315592447,243.10413269042968,0.0
2022-06-13 00:00:00-04:00,0.0,229.2244415283203,240.1915997314453,0.0
2022-06-14 00:00:00-04:00,0.0,222.95221964518228,238.53239990234374,0.0
2022-06-15 00:00:00-04:00,0.0,223.2088877360026,237.1852001953125,0.0
2022-06-16 00:00:00-04:00,0.0,222.3300018310547,235.92253356933594,0.0
2022-06-17 00:00:00-04:00,0.0,220.95333353678384,234.88626647949218,0.0
2022-06-21 00:00:00-04:00,0.0,222.29888916015625,234.106533203125,0.0
2022-06-22 00:00:00-04:00,0.0,229.96111043294272,233.8917333984375,0.0
2022-06-23 00:00:00-04:00,1.0,236.06444803873697,233.13973388671874,1.0
2022-06-24 00:00:00-04:00,1.0,238.9544474283854,233.5038671875,0.0
2022-06-27 00:00:00-04:00,1.0,241.89889017740884,233.84173400878908,0.0
2022-06-28 00:00:00-04:00,1.0,241.09666442871094,234.29626708984375,0.0
2022-06-29 00:00:00-04:00,1.0,235.35777791341147,234.43720092773438,0.0
2022-06-30 00:00:00-04:00,0.0,228.54222106933594,235.04066711425781,-1.0
2022-07-01 00:00:00-04:00,0.0,226.74222310384116,235.3472003173828,0.0
2022-07-05 00:00:00-04:00,0.0,228.2677764892578,235.233466796875,0.0
2022-07-06 00:00:00-04:00,0.0,230.68777974446616,234.37440002441406,0.0
2022-07-07 00:00:00-04:00,1.0,236.4477793375651,234.04600036621093,1.0
2022-07-08 00:00:00-04:00,1.0,242.34666951497397,234.20493408203126,0.0
2022-07-11 00:00:00-04:00,1.0,243.21666971842447,233.24533386230468,0.0
2022-07-12 00:00:00-04:00,1.0,239.39222717285156,233.1874676513672,0.0
2022-07-13 00:00:00-04:00,1.0,234.81777954101562,233.13786743164061,0.0
2022-07-14 00:00:00-04:00,1.0,236.14111328125,233.11493408203125,0.0
2022-07-15 00:00:00-04:00,1.0,238.47333272298178,233.04293395996095,0.0
2022-07-18 00:00:00-04:00,1.0,239.64222208658853,233.07653381347657,0.0
2022-07-19 00:00:00-04:00,1.0,242.0477752685547,233.6085339355469,0.0
2022-07-20 00:00:00-04:00,1.0,244.52555338541666,234.8790673828125,0.0
2022-07-21 00:00:00-04:00,1.0,254.91222127278647,236.91173400878907,0.0
2022-07-22 00:00:00-04:00,1.0,263.81667073567706,238.48146789550782,0.0
2022-07-25 00:00:00-04:00,1.0,270.79444376627606,240.69480041503905,0.0
2022-07-26 00:00:00-04:00,1.0,266.51221720377606,242.3788000488281,0.0
2022-07-27 00:00:00-04:00,1.0,267.37110392252606,243.8901336669922,0.0
2022-07-28 00:00:00-04:00,1.0,271.5266621907552,245.68266662597657,0.0
2022-07-29 00:00:00-04:00,1.0,284.2899983723958,248.16586608886718,0.0
2022-08-01 00:00:00-04:00,1.0,291.7755533854167,250.22866638183595,0.0
2022-08-02 00:00:00-04:00,1.0,298.33777872721356,252.45533325195314,0.0
2022-08-03 00:00:00-04:00,1.0,301.7533365885417,255.44466674804687,0.0
2022-08-04 00:00:00-04:00,1.0,305.5388895670573,258.65039978027346,0.0
2022-08-05 00:00:00-04:00,1.0,301.40000406901044,261.1982672119141,0.0
2022-08-08 00:00:00-04:00,1.0,295.7422281901042,263.72466735839845,0.0
2022-08-09 00:00:00-04:00,1.0,287.30889892578125,265.73533447265623,0.0
2022-08-10 00:00:00-04:00,1.0,289.37111409505206,268.2402673339844,0.0
2022-08-11 00:00:00-04:00,1.0,288.10666910807294,269.9237341308594,0.0
2022-08-12 00:00:00-04:00,1.0,293.67222086588544,271.89440063476565,0.0
2022-08-15 00:00:00-04:00,1.0,298.6600036621094,274.8934674072266,0.0
2022-08-16 00:00:00-04:00,1.0,305.304443359375,277.8332000732422,0.0
2022-08-17 00:00:00-04:00,1.0,306.6266682942708,280.51146728515624,0.0
2022-08-18 00:00:00-04:00,1.0,304.47666422526044,283.09373352050784,0.0
2022-08-19 00:00:00-04:00,1.0,301.1777750651042,285.35773315429685,0.0
2022-08-22 00:00:00-04:00,1.0,296.4833272298177,287.33239990234375,0.0
2022-08-23 00:00:00-04:00,1.0,294.3444417317708,289.36933349609376,0.0
2022-08-24 00:00:00-04:00,1.0,294.48778279622394,291.35320068359374,0.0
2022-08-25 00:00:00-04:00,1.0,296.5400085449219,292.327734375,0.0
2022-08-26 00:00:00-04:00,1.0,293.7522277832031,292.9616003417969,0.0
2022-08-29 00:00:00-04:00,0.0,289.6600036621094,293.61706787109375,-1.0
2022-08-30 00:00:00-04:00,0.0,283.5366719563802,294.3706689453125,0.0
2022-08-31 00:00:00-04:00,0.0,279.3766682942708,294.40226806640624,0.0
2022-09-01 00:00:00-04:00,0.0,276.8233337402344,294.25266845703123,0.0
2022-09-02 00:00:00-04:00,0.0,274.32666015625,293.175068359375,0.0
2022-09-06 00:00:00-04:00,0.0,273.9300028483073,292.26080200195315,0.0
2022-09-07 00:00:00-04:00,0.0,276.11000569661456,291.58533569335935,0.0
2022-09-08 00:00:00-04:00,0.0,282.4600118001302,290.8598693847656,0.0
2022-09-09 00:00:00-04:00,1.0,290.8800048828125,290.5017358398438,1.0
2022-09-12 00:00:00-04:00,1.0,297.7866719563802,291.15173583984375,0.0
2022-09-13 00:00:00-04:00,1.0,298.7433369954427,291.2200024414062,0.0
2022-09-14 00:00:00-04:00,1.0,299.7200012207031,291.9910681152344,0.0
2022-09-15 00:00:00-04:00,1.0,299.4966634114583,292.3668017578125,0.0
2022-09-16 00:00:00-04:00,1.0,303.2366638183594,293.0356018066406,0.0
2022-09-19 00:00:00-04:00,1.0,305.39000447591144,293.3972021484375,0.0
2022-09-20 00:00:00-04:00,1.0,307.0500081380208,293.37360229492185,0.0
2022-09-21 00:00:00-04:00,1.0,306.2000020345052,293.14306884765625,0.0
2022-09-22 00:00:00-04:00,1.0,299.3733317057292,292.5268017578125,0.0
2022-09-23 00:00:00-04:00,0.0,288.239990234375,291.4252014160156,-1.0
2022-09-26 00:00:00-04:00,0.0,279.97666422526044,290.598935546875,0.0
2022-09-27 00:00:00-04:00,0.0,278.0933329264323,290.32000244140625,0.0
2022-09-28 00:00:00-04:00,0.0,282.2533365885417,289.9742687988281,0.0
2022-09-29 00:00:00-04:00,0.0,279.65333048502606,288.81880126953126,0.0
2022-09-30 00:00:00-04:00,0.0,273.7566630045573,287.5860009765625,0.0
2022-10-03 00:00:00-04:00,0.0,258.6199951171875,285.75840087890623,0.0
2022-10-04 00:00:00-04:00,0.0,252.36333211263022,284.34320068359375,0.0
2022-10-05 00:00:00-04:00,0.0,244.21666463216147,282.86760009765624,0.0
2022-10-06 00:00:00-04:00,0.0,242.7933349609375,281.36840087890624,0.0
2022-10-07 00:00:00-04:00,0.0,234.00333658854166,279.2048010253906,0.0
2022-10-10 00:00:00-04:00,0.0,228.05333964029947,277.3148016357422,0.0
2022-10-11 00:00:00-04:00,0.0,220.8433380126953,274.9980010986328,0.0
2022-10-12 00:00:00-04:00,0.0,218.9000040690104,272.3396008300781,0.0
2022-10-13 00:00:00-04:00,0.0,218.4866689046224,269.63800048828125,0.0
2022-10-14 00:00:00-04:00,0.0,214.6500040690104,265.85040100097655,0.0
2022-10-17 00:00:00-04:00,0.0,215.35333760579428,262.4476007080078,0.0
2022-10-18 00:00:00-04:00,0.0,214.8433380126953,259.57000061035154,0.0
2022-10-19 00:00:00-04:00,0.0,220.52666727701822,256.3472009277344,0.0
2022-10-20 00:00:00-04:00,0.0,216.50333150227866,252.48840087890625,0.0
2022-10-21 00:00:00-04:00,0.0,214.58666483561197,248.93200073242187,0.0
2022-10-24 00:00:00-04:00,0.0,210.99000040690103,245.01920043945313,0.0
2022-10-25 00:00:00-04:00,0.0,216.0366668701172,241.56679992675782,0.0
2022-10-26 00:00:00-04:00,0.0,219.4366658528646,238.520400390625,0.0
2022-10-27 00:00:00-04:00,0.0,224.04999796549478,235.980400390625,0.0
2022-10-28 00:00:00-04:00,0.0,226.08333333333334,234.10800109863283,0.0
2022-10-31 00:00:00-04:00,0.0,227.04999796549478,232.16920043945314,0.0
2022-11-01 00:00:00-04:00,0.0,227.96000162760416,229.96440063476564,0.0
2022-11-02 00:00:00-04:00,0.0,223.44666544596353,227.05120056152344,0.0
2022-11-03 00:00:00-04:00,0.0,219.37000020345053,224.93520080566407,0.0
2022-11-04 00:00:00-04:00,0.0,212.58666483561197,222.62400085449218,0.0
2022-11-07 00:00:00-05:00,0.0,206.62000020345053,220.811201171875,0.0
2022-11-08 00:00:00-05:00,0.0,198.61666870117188,218.48560119628905,0.0
2022-11-09 00:00:00-05:00,0.0,188.65666707356772,215.95680114746094,0.0
2022-11-10 00:00:00-05:00,0.0,186.5366668701172,214.06040100097655,0.0
2022-11-11 00:00:00-05:00,0.0,188.09333292643228,212.97640075683594,0.0
2022-11-14 00:00:00-05:00,0.0,192.54666646321616,211.69600036621094,0.0
2022-11-15 00:00:00-05:00,0.0,193.77999877929688,210.81280029296875,0.0
2022-11-16 00:00:00-05:00,0.0,190.7633310953776,209.6,0.0
2022-11-17 00:00:00-05:00,0.0,188.1699981689453,208.0579998779297,0.0
2022-11-18 00:00:00-05:00,0.0,183.42666625976562,207.06599975585937,0.0
2022-11-21 00:00:00-05:00,0.0,177.07666524251303,205.00679931640624,0.0
2022-11-22 00:00:00-05:00,0.0,172.65666707356772,202.99559936523437,0.0
2022-11-23 00:00:00-05:00,0.0,173.65999857584634,201.44199951171876,0.0
2022-11-25 00:00:00-05:00,0.0,178.65666707356772,200.46519958496094,0.0
2022-11-28 00:00:00-05:00,0.0,182.9933319091797,199.2043994140625,0.0
2022-11-29 00:00:00-05:00,0.0,182.20333353678384,197.9875994873047,0.0
2022-11-30 00:00:00-05:00,0.0,186.1499989827474,196.87879943847656,0.0
2022-12-01 00:00:00-05:00,0.0,190.07666524251303,195.6811993408203,0.0
2022-12-02 00:00:00-05:00,1.0,194.75333150227866,194.47199951171876,1.0
2022-12-05 00:00:00-05:00,0.0,190.6699981689453,192.62919921875,-1.0
2022-12-06 00:00:00-05:00,0.0,185.71000162760416,190.72039978027342,0.0
2022-12-07 00:00:00-05:00,0.0,178.7699991861979,188.56919921875,0.0
2022-12-08 00:00:00-05:00,0.0,175.76666768391928,186.90759948730468,0.0
2022-12-09 00:00:00-05:00,0.0,175.50999959309897,185.45719970703124,0.0
2022-12-12 00:00:00-05:00,0.0,173.4366709391276,183.8711999511719,0.0
2022-12-13 00:00:00-05:00,0.0,169.2733357747396,182.42599975585938,0.0
2022-12-14 00:00:00-05:00,0.0,161.8566691080729,181.04599975585938,0.0
2022-12-15 00:00:00-05:00,0.0,158.47333272298178,180.24919982910157,0.0
2022-12-16 00:00:00-05:00,0.0,154.8999989827474,178.629599609375,0.0
2022-12-19 00:00:00-05:00,0.0,152.58999633789062,176.78559936523436,0.0
2022-12-20 00:00:00-05:00,0.0,145.96666463216147,174.659599609375,0.0
2022-12-21 00:00:00-05:00,0.0,141.74666849772134,172.38559997558593,0.0
2022-12-22 00:00:00-05:00,0.0,133.57333628336588,169.92279998779296,0.0
2022-12-23 00:00:00-05:00,0.0,128.69000244140625,167.52200012207032,0.0
2022-12-27 00:00:00-05:00,0.0,119.1999994913737,164.6783999633789,0.0
2022-12-28 00:00:00-05:00,0.0,114.98666636149089,162.4720001220703,0.0
2022-12-29 00:00:00-05:00,0.0,114.54333241780598,160.5483999633789,0.0
2022-12-30 00:00:00-05:00,0.0,119.23666636149089,158.14760009765624,0.0
2023-01-03 00:00:00-05:00,0.0,117.6999994913737,155.15720001220703,0.0
2023-01-04 00:00:00-05:00,0.0,114.97333272298177,152.38600006103516,0.0
2023-01-05 00:00:00-05:00,0.0,110.69333140055339,149.5663998413086,0.0
2023-01-06 00:00:00-05:00,0.0,112.34666442871094,146.30079986572267,0.0
2023-01-09 00:00:00-05:00,0.0,114.38999684651692,143.30359985351564,0.0
2023-01-10 00:00:00-05:00,0.0,117.22666422526042,140.2631997680664,0.0
2023-01-11 00:00:00-05:00,0.0,120.6133321126302,137.89399993896484,0.0
2023-01-12 00:00:00-05:00,0.0,121.87666575113933,135.64359954833984,0.0
2023-01-13 00:00:00-05:00,0.0,123.06000010172527,133.5779998779297,0.0
2023-01-17 00:00:00-05:00,0.0,125.81666819254558,131.9,0.0
2023-01-18 00:00:00-05:00,0.0,127.55666859944661,129.88919982910156,0.0
2023-01-19 00:00:00-05:00,1.0,129.14666748046875,128.2631994628906,1.0
2023-01-20 00:00:00-05:00,1.0,129.78999837239584,127.16199951171875,0.0
2023-01-23 00:00:00-05:00,1.0,134.77999877929688,126.63999938964844,0.0
2023-01-24 00:00:00-05:00,1.0,140.35333251953125,126.08879943847656,0.0
2023-01-25 00:00:00-05:00,1.0,144.02333068847656,125.85679931640625,0.0
2023-01-26 00:00:00-05:00,1.0,149.52999877929688,126.27279968261719,0.0
2023-01-27 00:00:00-05:00,1.0,160.86666361490884,127.87679931640625,0.0
2023-01-30 00:00:00-05:00,1.0,168.27666727701822,129.04039916992187,0.0
2023-01-31 00:00:00-05:00,1.0,172.59333292643228,130.95519927978515,0.0
2023-02-01 00:00:00-05:00,1.0,173.76333618164062,133.28559936523436,0.0
2023-02-02 00:00:00-05:00,1.0,180.96666971842447,136.45239959716798,0.0
2023-02-03 00:00:00-05:00,1.0,186.55333455403647,139.5431994628906,0.0
2023-02-06 00:00:00-05:00,1.0,191.00333150227866,142.4607992553711,0.0
2023-02-07 00:00:00-05:00,1.0,193.8499959309896,145.40599914550782,0.0
2023-02-08 00:00:00-05:00,1.0,197.6199951171875,149.13359893798827,0.0
2023-02-09 00:00:00-05:00,1.0,201.8066660563151,152.8807992553711,0.0
2023-02-10 00:00:00-05:00,1.0,201.83333333333334,156.3427993774414,0.0
2023-02-13 00:00:00-05:00,1.0,199.61666870117188,159.60599945068358,0.0
2023-02-14 00:00:00-05:00,1.0,200.25999959309897,163.18519958496094,0.0
2023-02-15 00:00:00-05:00,1.0,206.0433349609375,167.00079986572266,0.0
2023-02-16 00:00:00-05:00,1.0,208.50999959309897,170.15359954833986,0.0
2023-02-17 00:00:00-05:00,1.0,208.19666544596353,173.54359954833984,0.0
2023-02-21 00:00:00-05:00,1.0,202.57332865397134,176.54239929199218,0.0
2023-02-22 00:00:00-05:00,1.0,202.17999776204428,179.3171990966797,0.0
2023-02-23 00:00:00-05:00,1.0,200.1000010172526,182.24879943847657,0.0
2023-02-24 00:00:00-05:00,1.0,199.9366709391276,185.03719970703125,0.0
2023-02-27 00:00:00-05:00,1.0,202.1933390299479,188.00559997558594,0.0
2023-02-28 00:00:00-05:00,1.0,203.40667215983072,190.48400024414062,0.0
2023-03-01 00:00:00-05:00,1.0,205.37000528971353,192.83920043945312,0.0
2023-03-02 00:00:00-05:00,1.0,199.7933349609375,194.69800048828125,0.0
2023-03-03 00:00:00-05:00,1.0,197.15333048502603,196.19880004882813,0.0
2023-03-06 00:00:00-05:00,0.0,194.16666158040366,196.8352001953125,-1.0
2023-03-07 00:00:00-05:00,0.0,193.10333251953125,197.6772003173828,0.0
2023-03-08 00:00:00-05:00,0.0,187.84000142415366,198.0284002685547,0.0
2023-03-09 00:00:00-05:00,0.0,180.87666829427084,197.6888000488281,0.0
2023-03-10 00:00:00-05:00,0.0,176.12000020345053,197.09559997558594,0.0
2023-03-13 00:00:00-04:00,0.0,173.61333211263022,196.47559997558594,0.0
2023-03-14 00:00:00-04:00,0.0,177.05999755859375,196.01559997558593,0.0
2023-03-15 00:00:00-04:00,0.0,179.39666239420572,195.36119995117187,0.0
2023-03-16 00:00:00-04:00,0.0,182.61333211263022,194.67480041503907,0.0
2023-03-17 00:00:00-04:00,0.0,181.57000223795572,193.5872003173828,0.0
2023-03-20 00:00:00-04:00,0.0,182.50333658854166,193.04160034179688,0.0
2023-03-21 00:00:00-04:00,0.0,186.9866689046224,193.15920043945312,0.0
2023-03-22 00:00:00-04:00,0.0,190.65999857584634,192.4352001953125,0.0
2023-03-23 00:00:00-04:00,1.0,193.6499989827474,191.55440002441406,1.0
2023-03-24 00:00:00-04:00,1.0,191.25999959309897,191.08920043945312,0.0
2023-03-27 00:00:00-04:00,1.0,191.4800008138021,190.42920043945313,0.0
2023-03-28 00:00:00-04:00,1.0,190.47000122070312,190.10200073242189,0.0
2023-03-29 00:00:00-04:00,1.0,191.62666829427084,189.8228009033203,0.0
2023-03-30 00:00:00-04:00,1.0,192.78333536783853,189.55120056152344,0.0
2023-03-31 00:00:00-04:00,1.0,198.8733367919922,189.97440063476563,0.0
2023-04-03 00:00:00-04:00,1.0,199.17000325520834,189.46000061035156,0.0
2023-04-04 00:00:00-04:00,1.0,198.27000427246094,188.93480041503906,0.0
2023-04-05 00:00:00-04:00,1.0,190.95667012532553,188.24480041503907,0.0
2023-04-06 00:00:00-04:00,0.0,187.72000122070312,188.01120056152342,-1.0
2023-04-10 00:00:00-04:00,0.0,185.02999877929688,187.48000061035157,0.0
2023-04-11 00:00:00-04:00,0.0,185.45332845052084,187.19920043945314,0.0
2023-04-12 00:00:00-04:00,0.0,183.94666035970053,186.91239990234374,0.0
2023-04-13 00:00:00-04:00,0.0,184.40999348958334,187.06839965820313,0.0
2023-04-14 00:00:00-04:00,0.0,183.8133290608724,187.55159973144532,0.0
2023-04-17 00:00:00-04:00,0.0,185.97999572753906,188.09559936523436,0.0
2023-04-18 00:00:00-04:00,0.0,185.4499969482422,188.48879943847658,0.0
2023-04-19 00:00:00-04:00,0.0,183.97999572753906,188.38199951171876,0.0
2023-04-20 00:00:00-04:00,0.0,175.9633331298828,187.68359985351563,0.0
2023-04-21 00:00:00-04:00,0.0,169.55333455403647,186.92159973144533,0.0
2023-04-24 00:00:00-04:00,0.0,163.54000345865884,186.2183996582031,0.0
2023-04-25 00:00:00-04:00,0.0,162.76666768391928,185.31519958496094,0.0
2023-04-26 00:00:00-04:00,0.0,158.99000040690103,183.56199951171874,0.0
2023-04-27 00:00:00-04:00,0.0,158.20333353678384,182.32359985351562,0.0
2023-04-28 00:00:00-04:00,0.0,159.41666666666666,181.20719970703124,0.0
2023-05-01 00:00:00-04:00,0.0,162.11000061035156,180.06399963378905,0.0
2023-05-02 00:00:00-04:00,0.0,162.1499989827474,178.80399963378906,0.0
2023-05-03 00:00:00-04:00,0.0,160.91666666666666,177.66079956054688,0.0
2023-05-04 00:00:00-04:00,0.0,160.7066650390625,176.35359924316407,0.0
2023-05-05 00:00:00-04:00,0.0,163.9566650390625,175.34479919433593,0.0
2023-05-08 00:00:00-04:00,0.0,167.6833292643229,173.91799865722658,0.0
2023-05-09 00:00:00-04:00,0.0,170.3333282470703,172.8931982421875,0.0
2023-05-10 00:00:00-04:00,0.0,169.82666015625,171.9315979003906,0.0
2023-05-11 00:00:00-04:00,0.0,169.92332967122397,171.39399780273436,0.0
2023-05-12 00:00:00-04:00,0.0,169.53333028157553,170.71079772949219,0.0
2023-05-15 00:00:00-04:00,0.0,168.80333455403647,169.98439819335937,0.0
2023-05-16 00:00:00-04:00,0.0,166.95000203450522,169.1735986328125,0.0
2023-05-17 00:00:00-04:00,1.0,168.91000366210938,168.90639892578125,1.0
2023-05-18 00:00:00-04:00,1.0,172.42333475748697,168.5459991455078,0.0
2023-05-19 00:00:00-04:00,1.0,176.9633331298828,168.35159912109376,0.0
2023-05-22 00:00:00-04:00,1.0,181.96666463216147,168.42479919433595,0.0
2023-05-23 00:00:00-04:00,1.0,184.92666625976562,168.48319946289064,0.0
2023-05-24 00:00:00-04:00,1.0,185.84666442871094,168.57559936523438,0.0
2023-05-25 00:00:00-04:00,1.0,184.37999979654947,169.43479919433594,0.0
2023-05-26 00:00:00-04:00,1.0,186.84666442871094,170.55839904785157,0.0
2023-05-30 00:00:00-04:00,1.0,192.93333435058594,172.1027990722656,0.0
2023-05-31 00:00:00-04:00,1.0,199.4199981689453,173.83319885253906,0.0
2023-06-01 00:00:00-04:00,1.0,204.20333353678384,175.9839990234375,0.0
2023-06-02 00:00:00-04:00,1.0,208.47333272298178,178.13519897460938,0.0
2023-06-05 00:00:00-04:00,1.0,213.03333536783853,180.2671990966797,0.0
2023-06-06 00:00:00-04:00,1.0,217.62999979654947,182.64639892578126,0.0
2023-06-07 00:00:00-04:00,1.0,221.16333516438803,185.21679931640625,0.0
2023-06-08 00:00:00-04:00,1.0,226.91333516438803,188.18679931640625,0.0
2023-06-09 00:00:00-04:00,1.0,234.61000061035156,191.51479919433595,0.0
2023-06-12 00:00:00-04:00,1.0,243.02999877929688,194.70559936523438,0.0
2023-06-13 00:00:00-04:00,1.0,250.97999572753906,198.1823992919922,0.0
2023-06-14 00:00:00-04:00,1.0,255.11000061035156,201.68799987792968,0.0
2023-06-15 00:00:00-04:00,1.0,257.1333312988281,205.18239990234375,0.0
2023-06-16 00:00:00-04:00,1.0,257.7433369954427,208.72080017089843,0.0
2023-06-20 00:00:00-04:00,1.0,263.6300048828125,212.9796008300781,0.0
2023-06-21 00:00:00-04:00,1.0,264.81667073567706,216.70400024414062,0.0
2023-06-22 00:00:00-04:00,1.0,266.17332967122394,220.62759948730468,0.0
2023-06-23 00:00:00-04:00,1.0,260.22332763671875,223.93719970703125,0.0
2023-06-26 00:00:00-04:00,1.0,254.08666483561197,226.50359985351562,0.0
2023-06-27 00:00:00-04:00,1.0,249.28667195638022,229.30640014648438,0.0
2023-06-28 00:00:00-04:00,1.0,249.16666666666666,232.00119995117188,0.0
2023-06-29 00:00:00-04:00,1.0,254.6499989827474,234.87039978027343,0.0
2023-06-30 00:00:00-04:00,1.0,258.5033264160156,238.02519958496094,0.0
2023-07-03 00:00:00-04:00,1.0,266.3633321126302,241.83919982910157,0.0
2023-07-05 00:00:00-04:00,1.0,274.69000244140625,245.41160034179688,0.0
2023-07-06 00:00:00-04:00,1.0,279.61334228515625,248.4268005371094,0.0
2023-07-07 00:00:00-04:00,1.0,277.81667073567706,251.24680053710938,0.0
2023-07-10 00:00:00-04:00,1.0,273.5266621907552,253.73039978027344,0.0
2023-07-11 00:00:00-04:00,1.0,271.2766621907552,255.96320007324218,0.0
2023-07-12 00:00:00-04:00,1.0,270.4633280436198,258.1383996582031,0.0
2023-07-13 00:00:00-04:00,1.0,273.22666422526044,260.40199951171877,0.0
2023-07-14 00:00:00-04:00,1.0,277.0899963378906,262.6743994140625,0.0
2023-07-17 00:00:00-04:00,1.0,283.2200012207031,264.89519958496095,0.0
2023-07-18 00:00:00-04:00,1.0,288.3666687011719,266.85279968261716,0.0
2023-07-19 00:00:00-04:00,1.0,291.6600036621094,268.51,0.0
2023-07-20 00:00:00-04:00,1.0,282.5,268.67760009765624,0.0
2023-07-21 00:00:00-04:00,1.0,271.39333089192706,268.8067993164062,0.0
2023-07-24 00:00:00-04:00,0.0,263.9933268229167,269.3331994628906,-1.0
2023-07-25 00:00:00-04:00,0.0,264.7866617838542,269.5227990722656,0.0
2023-07-26 00:00:00-04:00,0.0,266.23000081380206,269.118798828125,0.0
2023-07-27 00:00:00-04:00,0.0,261.7800038655599,268.96879943847654,0.0
2023-07-28 00:00:00-04:00,0.0,262.1666717529297,269.0420001220703,0.0
2023-07-31 00:00:00-04:00,0.0,263.1933339436849,269.47519958496093,0.0
2023-08-01 00:00:00-04:00,0.0,264.98000081380206,270.2759997558594,0.0
2023-08-02 00:00:00-04:00,0.0,260.8700002034505,270.43199951171874,0.0
2023-08-03 00:00:00-04:00,0.0,258.1666717529297,270.5552001953125,0.0
2023-08-04 00:00:00-04:00,0.0,255.76333618164062,270.40960021972654,0.0
2023-08-07 00:00:00-04:00,0.0,254.87666829427084,269.9968005371094,0.0
2023-08-08 00:00:00-04:00,0.0,251.6699981689453,268.7920001220703,0.0
2023-08-09 00:00:00-04:00,0.0,247.77999877929688,267.18039978027343,0.0
2023-08-10 00:00:00-04:00,0.0,245.7433319091797,265.93239929199217,0.0
2023-08-11 00:00:00-04:00,0.0,243.3933308919271,264.6611993408203,0.0
2023-08-14 00:00:00-04:00,0.0,242.5833282470703,263.4671997070312,0.0
2023-08-15 00:00:00-04:00,0.0,238.4566650390625,261.9939996337891,0.0
2023-08-16 00:00:00-04:00,0.0,232.7733357747396,260.1384002685547,0.0
2023-08-17 00:00:00-04:00,0.0,225.92667134602866,257.79120056152345,0.0
2023-08-18 00:00:00-04:00,0.0,220.10333760579428,255.1556005859375,0.0
2023-08-21 00:00:00-04:00,0.0,221.99666849772134,252.79160034179688,0.0
2023-08-22 00:00:00-04:00,0.0,226.65333557128906,250.3856005859375,0.0
2023-08-23 00:00:00-04:00,0.0,233.77666727701822,248.20960021972655,0.0
2023-08-24 00:00:00-04:00,0.0,233.36333211263022,246.8952001953125,0.0
2023-08-25 00:00:00-04:00,0.0,235.163330078125,246.03800048828126,0.0
2023-08-28 00:00:00-04:00,0.0,235.81666564941406,244.82840087890625,0.0
2023-08-29 00:00:00-04:00,1.0,244.86333211263022,244.50440063476563,1.0
2023-08-30 00:00:00-04:00,1.0,250.96666463216147,244.20640014648438,0.0
2023-08-31 00:00:00-04:00,1.0,257.38665771484375,244.30119934082032,0.0
2023-09-01 00:00:00-04:00,1.0,253.32999165852866,243.4439990234375,0.0
2023-09-05 00:00:00-04:00,1.0,253.19332377115884,243.00639892578124,0.0
2023-09-06 00:00:00-04:00,1.0,251.1399943033854,242.64039855957031,0.0
2023-09-07 00:00:00-04:00,1.0,253.29999796549478,242.5355987548828,0.0
2023-09-08 00:00:00-04:00,1.0,250.63666788736978,242.10279846191406,0.0
2023-09-11 00:00:00-04:00,1.0,257.8566640218099,242.89159790039062,0.0
2023-09-12 00:00:00-04:00,1.0,263.18666585286456,243.53279846191407,0.0
2023-09-13 00:00:00-04:00,1.0,270.7866617838542,244.39679809570313,0.0
2023-09-14 00:00:00-04:00,1.0,271.60666910807294,245.75079833984375,0.0
2023-09-15 00:00:00-04:00,1.0,273.9100036621094,246.9127990722656,0.0
2023-09-18 00:00:00-04:00,1.0,271.90334065755206,247.81799926757813,0.0
2023-09-19 00:00:00-04:00,1.0,268.7233378092448,248.8875994873047,0.0
2023-09-20 00:00:00-04:00,1.0,264.7899983723958,250.07279907226564,0.0
2023-09-21 00:00:00-04:00,1.0,261.59666442871094,251.27679870605468,0.0
2023-09-22 00:00:00-04:00,1.0,254.38999938964844,252.30319885253905,0.0
2023-09-25 00:00:00-04:00,0.0,249.19000244140625,253.56319885253907,-1.0
2023-09-26 00:00:00-04:00,0.0,245.3300018310547,254.0767987060547,0.0
2023-09-27 00:00:00-04:00,0.0,243.87000020345053,254.36919860839845,0.0
2023-09-28 00:00:00-04:00,0.0,243.66666666666666,254.74999877929687,0.0
2023-09-29 00:00:00-04:00,0.0,245.70000203450522,255.55719909667968,0.0
2023-10-02 00:00:00-04:00,0.0,249.4000040690104,256.07759948730467,0.0
2023-10-03 00:00:00-04:00,0.0,249.45000203450522,256.3859991455078,0.0
2023-10-04 00:00:00-04:00,0.0,253.09666951497397,256.5451995849609,0.0
2023-10-05 00:00:00-04:00,0.0,255.913330078125,256.6711993408203,0.0
2023-10-06 00:00:00-04:00,1.0,260.5799967447917,256.7691998291016,1.0
2023-10-09 00:00:00-04:00,1.0,260.0833333333333,257.3556005859375,0.0
2023-10-10 00:00:00-04:00,1.0,261.27333577473956,257.64080078125,0.0
2023-10-11 00:00:00-04:00,1.0,262.0933329264323,258.0836004638672,0.0
2023-10-12 00:00:00-04:00,1.0,261.82666015625,258.3788000488281,0.0
2023-10-13 00:00:00-04:00,0.0,257.6599934895833,258.4835998535156,-1.0
2023-10-16 00:00:00-04:00,0.0,254.63666280110678,257.6972003173828,0.0
2023-10-17 00:00:00-04:00,0.0,253.29666646321616,257.19200012207034,0.0
2023-10-18 00:00:00-04:00,0.0,250.48333231608072,256.0472003173828,0.0
2023-10-19 00:00:00-04:00,0.0,239.2133331298828,253.81,0.0
2023-10-20 00:00:00-04:00,0.0,224.92666625976562,251.31399963378905,0.0
2023-10-23 00:00:00-04:00,0.0,214.72666931152344,249.18599975585937,0.0
2023-10-24 00:00:00-04:00,0.0,213.5300038655599,247.1867999267578,0.0
2023-10-25 00:00:00-04:00,0.0,213.67333475748697,245.18,0.0
2023-10-26 00:00:00-04:00,0.0,211.56666564941406,243.18239990234375,0.0
2023-10-27 00:00:00-04:00,0.0,208.4933319091797,241.67919982910155,0.0
2023-10-30 00:00:00-04:00,0.0,203.47333272298178,239.69399963378908,0.0
2023-10-31 00:00:00-04:00,0.0,201.83333333333334,237.96279968261717,0.0
2023-11-01 00:00:00-04:00,0.0,201.2866668701172,236.56919982910156,0.0
2023-11-02 00:00:00-04:00,0.0,208.33666483561197,235.4543994140625,0.0
2023-11-03 00:00:00-04:00,0.0,214.71000162760416,234.24399963378906,0.0
2023-11-06 00:00:00-05:00,0.0,219.24666849772134,232.95079956054687,0.0
2023-11-07 00:00:00-05:00,0.0,220.47000122070312,231.97679931640624,0.0
2023-11-08 00:00:00-05:00,0.0,221.1866658528646,230.41479919433593,0.0
2023-11-09 00:00:00-05:00,0.0,218.08999633789062,228.41199951171876,0.0
2023-11-10 00:00:00-05:00,0.0,215.57999674479166,226.57679931640624,0.0
2023-11-13 00:00:00-05:00,0.0,216.11333211263022,225.13839904785155,0.0
2023-11-14 00:00:00-05:00,1.0,225.2566680908203,224.08999938964843,1.0
2023-11-15 00:00:00-05:00,1.0,234.65333557128906,223.28399963378905,0.0
2023-11-16 00:00:00-05:00,1.0,237.94666544596353,222.27279968261718,0.0
2023-11-17 00:00:00-05:00,1.0,236.90999857584634,221.6,0.0
2023-11-20 00:00:00-05:00,1.0,234.49666849772134,220.8672003173828,0.0
2023-11-21 00:00:00-05:00,1.0,237.03333536783853,220.32119995117188,0.0
2023-11-22 00:00:00-05:00,1.0,237.00333658854166,219.9824005126953,0.0
2023-11-24 00:00:00-05:00,1.0,236.95333353678384,220.59600036621094,0.0
2023-11-27 00:00:00-05:00,1.0,235.24666849772134,221.55960021972658,0.0
2023-11-28 00:00:00-05:00,1.0,239.41666666666666,222.9452001953125,0.0
2023-11-29 00:00:00-05:00,1.0,242.3133341471354,224.05,0.0
2023-11-30 00:00:00-05:00,1.0,243.64666748046875,225.15640014648437,0.0
2023-12-01 00:00:00-05:00,1.0,241.01666768391928,226.47920043945314,0.0
2023-12-04 00:00:00-05:00,1.0,238.16333516438803,227.610400390625,0.0
2023-12-05 00:00:00-05:00,1.0,237.71000162760416,229.26480041503908,0.0
2023-12-06 00:00:00-05:00,1.0,237.88999938964844,230.80600036621092,0.0
2023-12-07 00:00:00-05:00,1.0,240.2433319091797,232.2852001953125,0.0
2023-12-08 00:00:00-05:00,1.0,241.9499969482422,233.2984002685547,0.0
2023-12-11 00:00:00-05:00,1.0,242.07333374023438,234.08960021972655,0.0
2023-12-12 00:00:00-05:00,1.0,240.19666544596353,234.79919982910155,0.0
2023-12-13 00:00:00-05:00,1.0,238.67999776204428,235.4835998535156,0.0
2023-12-14 00:00:00-05:00,1.0,242.4499969482422,236.64119995117187,0.0
2023-12-15 00:00:00-05:00,1.0,247.94666544596353,238.3820001220703,0.0
2023-12-18 00:00:00-05:00,1.0,252.21000162760416,239.87920043945311,0.0
2023-12-19 00:00:00-05:00,1.0,254.26666768391928,241.21960021972657,0.0
2023-12-20 00:00:00-05:00,1.0,252.14666748046875,241.60880004882813,0.0
2023-12-21 00:00:00-05:00,1.0,252.95333353678384,242.0752001953125,0.0
2023-12-22 00:00:00-05:00,1.0,251.3933308919271,242.83320007324218,0.0
2023-12-26 00:00:00-05:00,1.0,254.54999287923178,243.7255993652344,0.0
2023-12-27 00:00:00-05:00,1.0,256.8633270263672,244.75919921875,0.0
2023-12-28 00:00:00-05:00,1.0,257.07666015625,245.23839904785157,0.0
2023-12-29 00:00:00-05:00,1.0,254.36666361490884,245.80919860839845,0.0
2024-01-02 00:00:00-05:00,1.0,250.02666219075522,246.32799865722657,0.0
2024-01-03 00:00:00-05:00,0.0,245.11666361490884,246.42279846191406,-1.0
2024-01-04 00:00:00-05:00,0.0,241.5999959309896,246.07119812011717,0.0
2024-01-05 00:00:00-05:00,0.0,237.9566650390625,245.80519836425782,0.0
2024-01-08 00:00:00-05:00,0.0,238.62333170572916,245.81999816894532,0.0
2024-01-09 00:00:00-05:00,0.0,237.63333638509116,245.6651983642578,0.0
2024-01-10 00:00:00-05:00,0.0,236.45000203450522,245.59959838867186,0.0
2024-01-11 00:00:00-05:00,0.0,232.04000345865884,245.13959838867189,0.0
2024-01-12 00:00:00-05:00,0.0,226.68333435058594,244.32039855957032,0.0
2024-01-16 00:00:00-05:00,0.0,222.0066680908203,243.41119873046875,0.0
2024-01-17 00:00:00-05:00,0.0,218.11666870117188,242.27959899902345,0.0
2024-01-18 00:00:00-05:00,0.0,215.7800038655599,241.16519897460938,0.0
2024-01-19 00:00:00-05:00,0.0,213.20667012532553,240.17239929199218,0.0
2024-01-22 00:00:00-05:00,0.0,210.95667012532553,238.95279968261718,0.0
2024-01-23 00:00:00-05:00,0.0,210.0433349609375,237.2763995361328,0.0
2024-01-24 00:00:00-05:00,0.0,208.59000142415366,235.449599609375,0.0
2024-01-25 00:00:00-05:00,0.0,199.86666870117188,232.67159973144533,0.0
2024-01-26 00:00:00-05:00,0.0,191.2366689046224,229.71279968261717,0.0
2024-01-29 00:00:00-05:00,0.0,185.60333251953125,227.4643994140625,0.0
2024-01-30 00:00:00-05:00,0.0,188.58999633789062,224.94799926757813,0.0
2024-01-31 00:00:00-05:00,0.0,189.93666076660156,222.3379992675781,0.0
2024-02-01 00:00:00-05:00,0.0,189.24666341145834,219.62799987792968,0.0
2024-02-02 00:00:00-05:00,0.0,188.0199991861979,216.6867999267578,0.0
2024-02-05 00:00:00-05:00,0.0,185.9433339436849,213.80200012207033,0.0
2024-02-06 00:00:00-05:00,0.0,184.69000244140625,211.26680053710936,0.0
2024-02-07 00:00:00-05:00,0.0,184.5800018310547,208.83320068359376,0.0
2024-02-08 00:00:00-05:00,0.0,187.41333516438803,206.8776007080078,0.0
2024-02-09 00:00:00-05:00,0.0,190.2366689046224,205.10320129394532,0.0
2024-02-12 00:00:00-05:00,0.0,190.42000325520834,203.12880126953124,0.0
2024-02-13 00:00:00-05:00,0.0,188.5733388264974,200.8716015625,0.0
2024-02-14 00:00:00-05:00,0.0,186.95333862304688,199.0216015625,0.0
2024-02-15 00:00:00-05:00,0.0,191.06000264485678,197.68200134277345,0.0
2024-02-16 00:00:00-05:00,0.0,196.37000020345053,196.591201171875,0.0
2024-02-20 00:00:00-05:00,1.0,198.05332946777344,195.5860009765625,1.0
2024-02-21 00:00:00-05:00,1.0,196.15999857584634,194.58040100097656,0.0
2024-02-22 00:00:00-05:00,1.0,195.3133341471354,193.85480102539063,0.0
2024-02-23 00:00:00-05:00,1.0,194.71666971842447,193.05840087890624,0.0
2024-02-26 00:00:00-05:00,1.0,196.25999959309897,192.54680053710936,0.0
2024-02-27 00:00:00-05:00,1.0,197.03333028157553,192.18400024414063,0.0
2024-02-28 00:00:00-05:00,1.0,200.3899943033854,191.9,0.0
2024-02-29 00:00:00-05:00,1.0,201.21666463216147,191.6620001220703,0.0
2024-03-01 00:00:00-05:00,1.0,202.1866658528646,192.46239990234375,0.0
2024-03-04 00:00:00-05:00,1.0,197.55333455403647,192.65799987792968,0.0
2024-03-05 00:00:00-05:00,0.0,190.5066680908203,192.250400390625,-1.0
2024-03-06 00:00:00-05:00,0.0,181.8066660563151,191.6484002685547,0.0
2024-03-07 00:00:00-05:00,0.0,178.6433308919271,191.30280029296875,0.0
2024-03-08 00:00:00-05:00,0.0,176.84332784016928,190.7620001220703,0.0
2024-03-11 00:00:00-04:00,0.0,177.25333150227866,190.35640014648436,0.0
2024-03-12 00:00:00-04:00,0.0,176.88333129882812,190.21559997558595,0.0
2024-03-13 00:00:00-04:00,0.0,174.92999776204428,189.59079956054688,0.0
2024-03-14 00:00:00-04:00,0.0,169.83999633789062,188.5875994873047,0.0
2024-03-15 00:00:00-04:00,0.0,165.18333435058594,187.5479998779297,0.0
2024-03-18 00:00:00-04:00,0.0,166.6233367919922,186.75719970703125,0.0
2024-03-19 00:00:00-04:00,0.0,169.56333923339844,186.0847998046875,0.0
2024-03-20 00:00:00-04:00,0.0,173.5933380126953,185.75039978027343,0.0
2024-03-21 00:00:00-04:00,0.0,173.26667277018228,185.1147998046875,0.0
2024-03-22 00:00:00-04:00,0.0,173.10333760579428,183.93,0.0
2024-03-25 00:00:00-04:00,0.0,172.0933380126953,182.8372003173828,0.0
2024-03-26 00:00:00-04:00,0.0,173.71000162760416,182.1936004638672,0.0
2024-03-27 00:00:00-04:00,0.0,176.71000162760416,181.59600036621094,0.0
2024-03-28 00:00:00-04:00,0.0,177.7633310953776,180.73119995117187,0.0
2024-04-01 00:00:00-04:00,0.0,176.94666544596353,180.0611999511719,0.0
2024-04-02 00:00:00-04:00,0.0,172.54666646321616,178.750400390625,0.0
2024-04-03 00:00:00-04:00,0.0,170.07667032877603,177.49640075683592,0.0
2024-04-04 00:00:00-04:00,0.0,168.70667012532553,176.2592010498047,0.0
2024-04-05 00:00:00-04:00,0.0,168.12999979654947,174.78000061035155,0.0
2024-04-08 00:00:00-04:00,0.0,169.663330078125,173.59360046386718,0.0
2024-04-09 00:00:00-04:00,0.0,171.58666483561197,173.14320068359376,0.0
2024-04-10 00:00:00-04:00,1.0,173.87333170572916,172.78400024414063,1.0
2024-04-11 00:00:00-04:00,1.0,174.41333516438803,172.70640075683593,0.0
2024-04-12 00:00:00-04:00,1.0,172.47000122070312,172.40240112304687,0.0
2024-04-15 00:00:00-04:00,0.0,169.0433349609375,171.8480010986328,-1.0
2024-04-16 00:00:00-04:00,0.0,163.2133331298828,171.02160095214845,0.0
2024-04-17 00:00:00-04:00,0.0,158.0133310953776,170.1380010986328,0.0
2024-04-18 00:00:00-04:00,0.0,154.163330078125,169.3560009765625,0.0
2024-04-19 00:00:00-04:00,0.0,150.80999755859375,168.73800109863282,0.0
2024-04-22 00:00:00-04:00,0.0,146.34333292643228,167.87720092773438,0.0
2024-04-23 00:00:00-04:00,0.0,144.59333292643228,166.71240051269533,0.0
2024-04-24 00:00:00-04:00,0.0,149.62000020345053,166.34480041503906,0.0
2024-04-25 00:00:00-04:00,0.0,158.99666341145834,166.12559997558594,0.0
2024-04-26 00:00:00-04:00,1.0,166.86666361490884,165.9443994140625,1.0
2024-04-29 00:00:00-04:00,1.0,177.50666300455728,166.87319946289062,0.0
2024-04-30 00:00:00-04:00,1.0,181.87333170572916,167.29919921875,0.0
