Date,Close Price,Signal
2021-01-04 00:00:00-05:00,243.2566680908203,Sell
2021-01-05 00:00:00-05:00,245.0366668701172,Sell
2021-01-06 00:00:00-05:00,251.9933319091797,Sell
2021-01-07 00:00:00-05:00,272.0133361816406,Buy
2021-01-08 00:00:00-05:00,293.3399963378906,Buy
2021-01-11 00:00:00-05:00,270.39666748046875,Buy
2021-01-12 00:00:00-05:00,283.14666748046875,Buy
2021-01-13 00:00:00-05:00,284.8033447265625,Buy
2021-01-14 00:00:00-05:00,281.6666564941406,Buy
2021-01-15 00:00:00-05:00,275.38665771484375,Buy
2021-01-19 00:00:00-05:00,281.51666259765625,Buy
2021-01-20 00:00:00-05:00,283.48333740234375,Buy
2021-01-21 00:00:00-05:00,281.663330078125,Buy
2021-01-22 00:00:00-05:00,282.21331787109375,Buy
2021-01-25 00:00:00-05:00,293.6000061035156,Buy
2021-01-26 00:00:00-05:00,294.36334228515625,Buy
2021-01-27 00:00:00-05:00,288.0533447265625,Buy
2021-01-28 00:00:00-05:00,278.4766540527344,Buy
2021-01-29 00:00:00-05:00,264.510009765625,Buy
2021-02-01 00:00:00-05:00,279.9366760253906,Sell
2021-02-02 00:00:00-05:00,290.92999267578125,Buy
2021-02-03 00:00:00-05:00,284.89666748046875,Buy
2021-02-04 00:00:00-05:00,283.3299865722656,Buy
2021-02-05 00:00:00-05:00,284.07666015625,Buy
2021-02-08 00:00:00-05:00,287.8066711425781,Buy
2021-02-09 00:00:00-05:00,283.1533203125,Buy
2021-02-10 00:00:00-05:00,268.2733459472656,Sell
2021-02-11 00:00:00-05:00,270.5533447265625,Sell
2021-02-12 00:00:00-05:00,272.0400085449219,Sell
2021-02-16 00:00:00-05:00,265.40667724609375,Sell
2021-02-17 00:00:00-05:00,266.04998779296875,Sell
2021-02-18 00:00:00-05:00,262.4599914550781,Sell
2021-02-19 00:00:00-05:00,260.4333190917969,Sell
2021-02-22 00:00:00-05:00,238.1666717529297,Sell
2021-02-23 00:00:00-05:00,232.94667053222656,Sell
2021-02-24 00:00:00-05:00,247.33999633789062,Sell
2021-02-25 00:00:00-05:00,227.4066619873047,Sell
2021-02-26 00:00:00-05:00,225.1666717529297,Sell
2021-03-01 00:00:00-05:00,239.47666931152344,Sell
2021-03-02 00:00:00-05:00,228.81333923339844,Sell
2021-03-03 00:00:00-05:00,217.73333740234375,Sell
2021-03-04 00:00:00-05:00,207.14666748046875,Sell
2021-03-05 00:00:00-05:00,199.31666564941406,Sell
2021-03-08 00:00:00-05:00,187.6666717529297,Sell
2021-03-09 00:00:00-05:00,224.52667236328125,Sell
2021-03-10 00:00:00-05:00,222.68666076660156,Sell
2021-03-11 00:00:00-05:00,233.1999969482422,Sell
2021-03-12 00:00:00-05:00,231.2433319091797,Sell
2021-03-15 00:00:00-04:00,235.97999572753906,Sell
2021-03-16 00:00:00-04:00,225.6266632080078,Sell
2021-03-17 00:00:00-04:00,233.93666076660156,Sell
2021-03-18 00:00:00-04:00,217.72000122070312,Sell
2021-03-19 00:00:00-04:00,218.2899932861328,Sell
2021-03-22 00:00:00-04:00,223.3333282470703,Sell
2021-03-23 00:00:00-04:00,220.72000122070312,Sell
2021-03-24 00:00:00-04:00,210.08999633789062,Sell
2021-03-25 00:00:00-04:00,213.4633331298828,Sell
2021-03-26 00:00:00-04:00,206.23666381835938,Sell
2021-03-29 00:00:00-04:00,203.76333618164062,Sell
2021-03-30 00:00:00-04:00,211.8733367919922,Sell
2021-03-31 00:00:00-04:00,222.64332580566406,Sell
2021-04-01 00:00:00-04:00,220.5833282470703,Sell
2021-04-05 00:00:00-04:00,230.35000610351562,Buy
2021-04-06 00:00:00-04:00,230.5399932861328,Buy
2021-04-07 00:00:00-04:00,223.6566619873047,Buy
2021-04-08 00:00:00-04:00,227.93333435058594,Buy
2021-04-09 00:00:00-04:00,225.67333984375,Buy
2021-04-12 00:00:00-04:00,233.9933319091797,Buy
2021-04-13 00:00:00-04:00,254.10667419433594,Buy
2021-04-14 00:00:00-04:00,244.07666015625,Buy
2021-04-15 00:00:00-04:00,246.28334045410156,Buy
2021-04-16 00:00:00-04:00,246.5933380126953,Buy
2021-04-19 00:00:00-04:00,238.2100067138672,Buy
2021-04-20 00:00:00-04:00,239.663330078125,Buy
2021-04-21 00:00:00-04:00,248.0399932861328,Buy
2021-04-22 00:00:00-04:00,239.89666748046875,Buy
2021-04-23 00:00:00-04:00,243.13333129882812,Buy
2021-04-26 00:00:00-04:00,246.06666564941406,Buy
2021-04-27 00:00:00-04:00,234.913330078125,Buy
2021-04-28 00:00:00-04:00,231.46665954589844,Buy
2021-04-29 00:00:00-04:00,225.6666717529297,Sell
2021-04-30 00:00:00-04:00,236.47999572753906,Sell
2021-05-03 00:00:00-04:00,228.3000030517578,Sell
2021-05-04 00:00:00-04:00,224.53334045410156,Sell
2021-05-05 00:00:00-04:00,223.64666748046875,Sell
2021-05-06 00:00:00-04:00,221.17999267578125,Sell
2021-05-07 00:00:00-04:00,224.1233367919922,Sell
2021-05-10 00:00:00-04:00,209.67999267578125,Sell
2021-05-11 00:00:00-04:00,205.73333740234375,Sell
2021-05-12 00:00:00-04:00,196.6300048828125,Sell
2021-05-13 00:00:00-04:00,190.56333923339844,Sell
2021-05-14 00:00:00-04:00,196.5800018310547,Sell
2021-05-17 00:00:00-04:00,192.27667236328125,Sell
2021-05-18 00:00:00-04:00,192.6233367919922,Sell
2021-05-19 00:00:00-04:00,187.82000732421875,Sell
2021-05-20 00:00:00-04:00,195.5933380126953,Sell
2021-05-21 00:00:00-04:00,193.6266632080078,Sell
2021-05-24 00:00:00-04:00,202.14666748046875,Sell
2021-05-25 00:00:00-04:00,201.56333923339844,Sell
2021-05-26 00:00:00-04:00,206.3766632080078,Sell
2021-05-27 00:00:00-04:00,210.28334045410156,Sell
2021-05-28 00:00:00-04:00,208.4066619873047,Sell
2021-06-01 00:00:00-04:00,207.96665954589844,Sell
2021-06-02 00:00:00-04:00,201.7066650390625,Sell
2021-06-03 00:00:00-04:00,190.94667053222656,Sell
2021-06-04 00:00:00-04:00,199.68333435058594,Sell
2021-06-07 00:00:00-04:00,201.7100067138672,Sell
2021-06-08 00:00:00-04:00,201.19667053222656,Sell
2021-06-09 00:00:00-04:00,199.5933380126953,Sell
2021-06-10 00:00:00-04:00,203.3733367919922,Sell
2021-06-11 00:00:00-04:00,203.29666137695312,Buy
2021-06-14 00:00:00-04:00,205.89666748046875,Buy
2021-06-15 00:00:00-04:00,199.7866668701172,Buy
2021-06-16 00:00:00-04:00,201.6233367919922,Buy
2021-06-17 00:00:00-04:00,205.53334045410156,Buy
2021-06-18 00:00:00-04:00,207.77000427246094,Buy
2021-06-21 00:00:00-04:00,206.94332885742188,Buy
2021-06-22 00:00:00-04:00,207.90333557128906,Buy
2021-06-23 00:00:00-04:00,218.85667419433594,Buy
2021-06-24 00:00:00-04:00,226.60667419433594,Buy
2021-06-25 00:00:00-04:00,223.9566650390625,Buy
2021-06-28 00:00:00-04:00,229.57333374023438,Buy
2021-06-29 00:00:00-04:00,226.9199981689453,Buy
2021-06-30 00:00:00-04:00,226.56666564941406,Buy
2021-07-01 00:00:00-04:00,225.97332763671875,Buy
2021-07-02 00:00:00-04:00,226.3000030517578,Buy
2021-07-06 00:00:00-04:00,219.86000061035156,Buy
2021-07-07 00:00:00-04:00,214.88333129882812,Buy
2021-07-08 00:00:00-04:00,217.60333251953125,Buy
2021-07-09 00:00:00-04:00,218.98333740234375,Buy
2021-07-12 00:00:00-04:00,228.56666564941406,Buy
2021-07-13 00:00:00-04:00,222.84666442871094,Buy
2021-07-14 00:00:00-04:00,217.7933349609375,Buy
2021-07-15 00:00:00-04:00,216.86666870117188,Buy
2021-07-16 00:00:00-04:00,214.74000549316406,Sell
2021-07-19 00:00:00-04:00,215.4066619873047,Sell
2021-07-20 00:00:00-04:00,220.1666717529297,Sell
2021-07-21 00:00:00-04:00,218.42999267578125,Sell
2021-07-22 00:00:00-04:00,216.4199981689453,Sell
2021-07-23 00:00:00-04:00,214.4600067138672,Sell
2021-07-26 00:00:00-04:00,219.2066650390625,Sell
2021-07-27 00:00:00-04:00,214.92666625976562,Sell
2021-07-28 00:00:00-04:00,215.66000366210938,Sell
2021-07-29 00:00:00-04:00,225.78334045410156,Sell
2021-07-30 00:00:00-04:00,229.06666564941406,Buy
2021-08-02 00:00:00-04:00,236.55667114257812,Buy
2021-08-03 00:00:00-04:00,236.5800018310547,Buy
2021-08-04 00:00:00-04:00,236.97332763671875,Buy
2021-08-05 00:00:00-04:00,238.2100067138672,Buy
2021-08-06 00:00:00-04:00,233.03334045410156,Buy
2021-08-09 00:00:00-04:00,237.9199981689453,Buy
2021-08-10 00:00:00-04:00,236.663330078125,Buy
2021-08-11 00:00:00-04:00,235.94000244140625,Buy
2021-08-12 00:00:00-04:00,240.75,Buy
2021-08-13 00:00:00-04:00,239.05667114257812,Buy
2021-08-16 00:00:00-04:00,228.72332763671875,Buy
2021-08-17 00:00:00-04:00,221.90333557128906,Buy
2021-08-18 00:00:00-04:00,229.663330078125,Sell
2021-08-19 00:00:00-04:00,224.49000549316406,Sell
2021-08-20 00:00:00-04:00,226.75332641601562,Sell
2021-08-23 00:00:00-04:00,235.43333435058594,Buy
2021-08-24 00:00:00-04:00,236.163330078125,Buy
2021-08-25 00:00:00-04:00,237.06666564941406,Buy
2021-08-26 00:00:00-04:00,233.72000122070312,Buy
2021-08-27 00:00:00-04:00,237.30667114257812,Buy
2021-08-30 00:00:00-04:00,243.6366729736328,Buy
2021-08-31 00:00:00-04:00,245.24000549316406,Buy
2021-09-01 00:00:00-04:00,244.69667053222656,Buy
2021-09-02 00:00:00-04:00,244.1300048828125,Buy
2021-09-03 00:00:00-04:00,244.52333068847656,Buy
2021-09-07 00:00:00-04:00,250.97332763671875,Buy
2021-09-08 00:00:00-04:00,251.2899932861328,Buy
2021-09-09 00:00:00-04:00,251.6199951171875,Buy
2021-09-10 00:00:00-04:00,245.42333984375,Buy
2021-09-13 00:00:00-04:00,247.6666717529297,Buy
2021-09-14 00:00:00-04:00,248.163330078125,Buy
2021-09-15 00:00:00-04:00,251.94332885742188,Buy
2021-09-16 00:00:00-04:00,252.3300018310547,Buy
2021-09-17 00:00:00-04:00,253.163330078125,Buy
2021-09-20 00:00:00-04:00,243.38999938964844,Buy
2021-09-21 00:00:00-04:00,246.4600067138672,Buy
2021-09-22 00:00:00-04:00,250.64666748046875,Buy
2021-09-23 00:00:00-04:00,251.2133331298828,Buy
2021-09-24 00:00:00-04:00,258.1300048828125,Buy
2021-09-27 00:00:00-04:00,263.78668212890625,Buy
2021-09-28 00:00:00-04:00,259.1866760253906,Buy
2021-09-29 00:00:00-04:00,260.4366760253906,Buy
2021-09-30 00:00:00-04:00,258.49334716796875,Buy
2021-10-01 00:00:00-04:00,258.40667724609375,Buy
2021-10-04 00:00:00-04:00,260.510009765625,Buy
2021-10-05 00:00:00-04:00,260.1966552734375,Buy
2021-10-06 00:00:00-04:00,260.9166564941406,Buy
2021-10-07 00:00:00-04:00,264.53668212890625,Buy
2021-10-08 00:00:00-04:00,261.8299865722656,Buy
2021-10-11 00:00:00-04:00,263.9800109863281,Buy
2021-10-12 00:00:00-04:00,268.5733337402344,Buy
2021-10-13 00:00:00-04:00,270.3599853515625,Buy
2021-10-14 00:00:00-04:00,272.7733459472656,Buy
2021-10-15 00:00:00-04:00,281.010009765625,Buy
2021-10-18 00:00:00-04:00,290.03668212890625,Buy
2021-10-19 00:00:00-04:00,288.0899963378906,Buy
2021-10-20 00:00:00-04:00,288.6000061035156,Buy
2021-10-21 00:00:00-04:00,298.0,Buy
2021-10-22 00:00:00-04:00,303.2266540527344,Buy
2021-10-25 00:00:00-04:00,341.6199951171875,Buy
2021-10-26 00:00:00-04:00,339.4766540527344,Buy
2021-10-27 00:00:00-04:00,345.9533386230469,Buy
2021-10-28 00:00:00-04:00,359.0133361816406,Buy
2021-10-29 00:00:00-04:00,371.3333435058594,Buy
2021-11-01 00:00:00-04:00,402.86334228515625,Buy
2021-11-02 00:00:00-04:00,390.6666564941406,Buy
2021-11-03 00:00:00-04:00,404.6199951171875,Buy
2021-11-04 00:00:00-04:00,409.9700012207031,Buy
2021-11-05 00:00:00-04:00,407.36334228515625,Buy
2021-11-08 00:00:00-05:00,387.64666748046875,Buy
2021-11-09 00:00:00-05:00,341.1666564941406,Buy
2021-11-10 00:00:00-05:00,355.98333740234375,Buy
2021-11-11 00:00:00-05:00,354.5033264160156,Buy
2021-11-12 00:00:00-05:00,344.47332763671875,Buy
2021-11-15 00:00:00-05:00,337.7966613769531,Buy
2021-11-16 00:00:00-05:00,351.57666015625,Buy
2021-11-17 00:00:00-05:00,363.0033264160156,Buy
2021-11-18 00:00:00-05:00,365.4599914550781,Buy
2021-11-19 00:00:00-05:00,379.0199890136719,Buy
2021-11-22 00:00:00-05:00,385.6233215332031,Buy
2021-11-23 00:00:00-05:00,369.6766662597656,Buy
2021-11-24 00:00:00-05:00,372.0,Buy
2021-11-26 00:00:00-05:00,360.6400146484375,Buy
2021-11-29 00:00:00-05:00,378.9966735839844,Buy
2021-11-30 00:00:00-05:00,381.586669921875,Buy
2021-12-01 00:00:00-05:00,365.0,Buy
2021-12-02 00:00:00-05:00,361.5333251953125,Sell
2021-12-03 00:00:00-05:00,338.3233337402344,Sell
2021-12-06 00:00:00-05:00,336.336669921875,Sell
2021-12-07 00:00:00-05:00,350.5833435058594,Sell
2021-12-08 00:00:00-05:00,356.32000732421875,Sell
2021-12-09 00:00:00-05:00,334.6000061035156,Sell
2021-12-10 00:00:00-05:00,339.010009765625,Sell
2021-12-13 00:00:00-05:00,322.13665771484375,Sell
2021-12-14 00:00:00-05:00,319.5033264160156,Sell
2021-12-15 00:00:00-05:00,325.3299865722656,Sell
2021-12-16 00:00:00-05:00,308.97332763671875,Sell
2021-12-17 00:00:00-05:00,310.8566589355469,Sell
2021-12-20 00:00:00-05:00,299.9800109863281,Sell
2021-12-21 00:00:00-05:00,312.84332275390625,Sell
2021-12-22 00:00:00-05:00,336.2900085449219,Sell
2021-12-23 00:00:00-05:00,355.6666564941406,Sell
2021-12-27 00:00:00-05:00,364.64666748046875,Buy
2021-12-28 00:00:00-05:00,362.8233337402344,Buy
2021-12-29 00:00:00-05:00,362.0633239746094,Buy
2021-12-30 00:00:00-05:00,356.7799987792969,Buy
2021-12-31 00:00:00-05:00,352.260009765625,Buy
2022-01-03 00:00:00-05:00,399.9266662597656,Buy
2022-01-04 00:00:00-05:00,383.1966552734375,Buy
2022-01-05 00:00:00-05:00,362.7066650390625,Buy
2022-01-06 00:00:00-05:00,354.8999938964844,Buy
2022-01-07 00:00:00-05:00,342.32000732421875,Buy
2022-01-10 00:00:00-05:00,352.7066650390625,Buy
2022-01-11 00:00:00-05:00,354.79998779296875,Buy
2022-01-12 00:00:00-05:00,368.739990234375,Buy
2022-01-13 00:00:00-05:00,343.85333251953125,Buy
2022-01-14 00:00:00-05:00,349.8699951171875,Buy
2022-01-18 00:00:00-05:00,343.5033264160156,Sell
2022-01-19 00:00:00-05:00,331.8833312988281,Sell
2022-01-20 00:00:00-05:00,332.0899963378906,Sell
2022-01-21 00:00:00-05:00,314.6333312988281,Sell
2022-01-24 00:00:00-05:00,310.0,Sell
2022-01-25 00:00:00-05:00,306.1333312988281,Sell
2022-01-26 00:00:00-05:00,312.4700012207031,Sell
2022-01-27 00:00:00-05:00,276.3666687011719,Sell
2022-01-28 00:00:00-05:00,282.1166687011719,Sell
2022-01-31 00:00:00-05:00,312.239990234375,Sell
2022-02-01 00:00:00-05:00,310.4166564941406,Sell
2022-02-02 00:00:00-05:00,301.88665771484375,Sell
2022-02-03 00:00:00-05:00,297.0466613769531,Sell
2022-02-04 00:00:00-05:00,307.7733459472656,Sell
2022-02-07 00:00:00-05:00,302.4466552734375,Sell
2022-02-08 00:00:00-05:00,307.3333435058594,Sell
2022-02-09 00:00:00-05:00,310.6666564941406,Sell
2022-02-10 00:00:00-05:00,301.51666259765625,Sell
2022-02-11 00:00:00-05:00,286.6666564941406,Sell
2022-02-14 00:00:00-05:00,291.9200134277344,Sell
2022-02-15 00:00:00-05:00,307.4766540527344,Sell
2022-02-16 00:00:00-05:00,307.7966613769531,Sell
2022-02-17 00:00:00-05:00,292.1166687011719,Sell
2022-02-18 00:00:00-05:00,285.6600036621094,Sell
2022-02-22 00:00:00-05:00,273.84332275390625,Sell
2022-02-23 00:00:00-05:00,254.67999267578125,Sell
2022-02-24 00:00:00-05:00,266.92333984375,Sell
2022-02-25 00:00:00-05:00,269.9566650390625,Sell
2022-02-28 00:00:00-05:00,290.1433410644531,Sell
2022-03-01 00:00:00-05:00,288.1233215332031,Sell
2022-03-02 00:00:00-05:00,293.2966613769531,Sell
2022-03-03 00:00:00-05:00,279.7633361816406,Sell
2022-03-04 00:00:00-05:00,279.42999267578125,Sell
2022-03-07 00:00:00-05:00,268.1933288574219,Sell
2022-03-08 00:00:00-05:00,274.79998779296875,Sell
2022-03-09 00:00:00-05:00,286.3233337402344,Sell
2022-03-10 00:00:00-05:00,279.4333190917969,Sell
2022-03-11 00:00:00-05:00,265.1166687011719,Sell
2022-03-14 00:00:00-04:00,255.4566650390625,Sell
2022-03-15 00:00:00-04:00,267.2966613769531,Sell
2022-03-16 00:00:00-04:00,280.07666015625,Sell
2022-03-17 00:00:00-04:00,290.5333251953125,Sell
2022-03-18 00:00:00-04:00,301.7966613769531,Buy
2022-03-21 00:00:00-04:00,307.0533447265625,Buy
2022-03-22 00:00:00-04:00,331.32666015625,Buy
2022-03-23 00:00:00-04:00,333.03668212890625,Buy
2022-03-24 00:00:00-04:00,337.97332763671875,Buy
2022-03-25 00:00:00-04:00,336.8800048828125,Buy
2022-03-28 00:00:00-04:00,363.9466552734375,Buy
2022-03-29 00:00:00-04:00,366.5233459472656,Buy
2022-03-30 00:00:00-04:00,364.663330078125,Buy
2022-03-31 00:00:00-04:00,359.20001220703125,Buy
2022-04-01 00:00:00-04:00,361.5299987792969,Buy
2022-04-04 00:00:00-04:00,381.8166809082031,Buy
2022-04-05 00:00:00-04:00,363.7533264160156,Buy
2022-04-06 00:00:00-04:00,348.586669921875,Buy
2022-04-07 00:00:00-04:00,352.4200134277344,Buy
2022-04-08 00:00:00-04:00,341.8299865722656,Buy
2022-04-11 00:00:00-04:00,325.30999755859375,Buy
2022-04-12 00:00:00-04:00,328.98333740234375,Buy
2022-04-13 00:00:00-04:00,340.7900085449219,Buy
2022-04-14 00:00:00-04:00,328.3333435058594,Buy
2022-04-18 00:00:00-04:00,334.7633361816406,Buy
2022-04-19 00:00:00-04:00,342.7166748046875,Sell
2022-04-20 00:00:00-04:00,325.73333740234375,Sell
2022-04-21 00:00:00-04:00,336.260009765625,Sell
2022-04-22 00:00:00-04:00,335.01666259765625,Sell
2022-04-25 00:00:00-04:00,332.67333984375,Sell
2022-04-26 00:00:00-04:00,292.1400146484375,Sell
2022-04-27 00:00:00-04:00,293.836669921875,Sell
2022-04-28 00:00:00-04:00,292.5033264160156,Sell
2022-04-29 00:00:00-04:00,290.2533264160156,Sell
2022-05-02 00:00:00-04:00,300.9800109863281,Sell
2022-05-03 00:00:00-04:00,303.0833435058594,Sell
2022-05-04 00:00:00-04:00,317.5400085449219,Sell
2022-05-05 00:00:00-04:00,291.09332275390625,Sell
2022-05-06 00:00:00-04:00,288.54998779296875,Sell
2022-05-09 00:00:00-04:00,262.3699951171875,Sell
2022-05-10 00:00:00-04:00,266.67999267578125,Sell
2022-05-11 00:00:00-04:00,244.6666717529297,Sell
2022-05-12 00:00:00-04:00,242.6666717529297,Sell
2022-05-13 00:00:00-04:00,256.5299987792969,Sell
2022-05-16 00:00:00-04:00,241.4566650390625,Sell
2022-05-17 00:00:00-04:00,253.8699951171875,Sell
2022-05-18 00:00:00-04:00,236.60333251953125,Sell
2022-05-19 00:00:00-04:00,236.47332763671875,Sell
2022-05-20 00:00:00-04:00,221.3000030517578,Sell
2022-05-23 00:00:00-04:00,224.96665954589844,Sell
2022-05-24 00:00:00-04:00,209.3866729736328,Sell
2022-05-25 00:00:00-04:00,219.60000610351562,Sell
2022-05-26 00:00:00-04:00,235.91000366210938,Sell
2022-05-27 00:00:00-04:00,253.2100067138672,Sell
2022-05-31 00:00:00-04:00,252.75332641601562,Sell
2022-06-01 00:00:00-04:00,246.7899932861328,Sell
2022-06-02 00:00:00-04:00,258.3333435058594,Sell
2022-06-03 00:00:00-04:00,234.51666259765625,Sell
2022-06-06 00:00:00-04:00,238.27999877929688,Sell
2022-06-07 00:00:00-04:00,238.8866729736328,Sell
2022-06-08 00:00:00-04:00,241.86666870117188,Sell
2022-06-09 00:00:00-04:00,239.7066650390625,Sell
2022-06-10 00:00:00-04:00,232.22999572753906,Sell
2022-06-13 00:00:00-04:00,215.73666381835938,Sell
2022-06-14 00:00:00-04:00,220.88999938964844,Sell
2022-06-15 00:00:00-04:00,233.0,Sell
2022-06-16 00:00:00-04:00,213.10000610351562,Sell
2022-06-17 00:00:00-04:00,216.75999450683594,Sell
2022-06-21 00:00:00-04:00,237.0366668701172,Sell
2022-06-22 00:00:00-04:00,236.086669921875,Sell
2022-06-23 00:00:00-04:00,235.07000732421875,Buy
2022-06-24 00:00:00-04:00,245.7066650390625,Buy
2022-06-27 00:00:00-04:00,244.9199981689453,Buy
2022-06-28 00:00:00-04:00,232.663330078125,Buy
2022-06-29 00:00:00-04:00,228.49000549316406,Buy
2022-06-30 00:00:00-04:00,224.47332763671875,Sell
2022-07-01 00:00:00-04:00,227.26333618164062,Sell
2022-07-05 00:00:00-04:00,233.06666564941406,Sell
2022-07-06 00:00:00-04:00,231.73333740234375,Sell
2022-07-07 00:00:00-04:00,244.5433349609375,Buy
2022-07-08 00:00:00-04:00,250.76333618164062,Buy
2022-07-11 00:00:00-04:00,234.3433380126953,Buy
2022-07-12 00:00:00-04:00,233.07000732421875,Buy
2022-07-13 00:00:00-04:00,237.0399932861328,Buy
2022-07-14 00:00:00-04:00,238.31333923339844,Buy
2022-07-15 00:00:00-04:00,240.06666564941406,Buy
2022-07-18 00:00:00-04:00,240.54666137695312,Buy
2022-07-19 00:00:00-04:00,245.52999877929688,Buy
2022-07-20 00:00:00-04:00,247.5,Buy
2022-07-21 00:00:00-04:00,271.7066650390625,Buy
2022-07-22 00:00:00-04:00,272.24334716796875,Buy
2022-07-25 00:00:00-04:00,268.4333190917969,Buy
2022-07-26 00:00:00-04:00,258.8599853515625,Buy
2022-07-27 00:00:00-04:00,274.82000732421875,Buy
2022-07-28 00:00:00-04:00,280.8999938964844,Buy
2022-07-29 00:00:00-04:00,297.1499938964844,Buy
2022-08-01 00:00:00-04:00,297.27667236328125,Buy
2022-08-02 00:00:00-04:00,300.586669921875,Buy
2022-08-03 00:00:00-04:00,307.39666748046875,Buy
2022-08-04 00:00:00-04:00,308.6333312988281,Buy
2022-08-05 00:00:00-04:00,288.1700134277344,Buy
2022-08-08 00:00:00-04:00,290.42333984375,Buy
2022-08-09 00:00:00-04:00,283.3333435058594,Buy
2022-08-10 00:00:00-04:00,294.3566589355469,Buy
2022-08-11 00:00:00-04:00,286.6300048828125,Buy
2022-08-12 00:00:00-04:00,300.0299987792969,Buy
2022-08-15 00:00:00-04:00,309.32000732421875,Buy
2022-08-16 00:00:00-04:00,306.5633239746094,Buy
2022-08-17 00:00:00-04:00,303.9966735839844,Buy
2022-08-18 00:00:00-04:00,302.8699951171875,Buy
2022-08-19 00:00:00-04:00,296.6666564941406,Buy
2022-08-22 00:00:00-04:00,289.913330078125,Buy
2022-08-23 00:00:00-04:00,296.4533386230469,Buy
2022-08-24 00:00:00-04:00,297.0966796875,Buy
2022-08-25 00:00:00-04:00,296.07000732421875,Buy
2022-08-26 00:00:00-04:00,288.0899963378906,Buy
2022-08-29 00:00:00-04:00,284.82000732421875,Sell
2022-08-30 00:00:00-04:00,277.70001220703125,Sell
2022-08-31 00:00:00-04:00,275.6099853515625,Sell
2022-09-01 00:00:00-04:00,277.1600036621094,Sell
2022-09-02 00:00:00-04:00,270.2099914550781,Sell
2022-09-06 00:00:00-04:00,274.4200134277344,Sell
2022-09-07 00:00:00-04:00,283.70001220703125,Sell
2022-09-08 00:00:00-04:00,289.260009765625,Sell
2022-09-09 00:00:00-04:00,299.67999267578125,Buy
2022-09-12 00:00:00-04:00,304.4200134277344,Buy
2022-09-13 00:00:00-04:00,292.1300048828125,Buy
2022-09-14 00:00:00-04:00,302.6099853515625,Buy
2022-09-15 00:00:00-04:00,303.75,Buy
2022-09-16 00:00:00-04:00,303.3500061035156,Buy
2022-09-19 00:00:00-04:00,309.07000732421875,Buy
2022-09-20 00:00:00-04:00,308.7300109863281,Buy
2022-09-21 00:00:00-04:00,300.79998779296875,Buy
2022-09-22 00:00:00-04:00,288.5899963378906,Buy
2022-09-23 00:00:00-04:00,275.3299865722656,Sell
2022-09-26 00:00:00-04:00,276.010009765625,Sell
2022-09-27 00:00:00-04:00,282.94000244140625,Sell
2022-09-28 00:00:00-04:00,287.80999755859375,Sell
2022-09-29 00:00:00-04:00,268.2099914550781,Sell
2022-09-30 00:00:00-04:00,265.25,Sell
2022-10-03 00:00:00-04:00,242.39999389648438,Sell
2022-10-04 00:00:00-04:00,249.44000244140625,Sell
2022-10-05 00:00:00-04:00,240.80999755859375,Sell
2022-10-06 00:00:00-04:00,238.1300048828125,Sell
2022-10-07 00:00:00-04:00,223.07000732421875,Sell
2022-10-10 00:00:00-04:00,222.9600067138672,Sell
2022-10-11 00:00:00-04:00,216.5,Sell
2022-10-12 00:00:00-04:00,217.24000549316406,Sell
2022-10-13 00:00:00-04:00,221.72000122070312,Sell
2022-10-14 00:00:00-04:00,204.99000549316406,Sell
2022-10-17 00:00:00-04:00,219.35000610351562,Sell
2022-10-18 00:00:00-04:00,220.19000244140625,Sell
2022-10-19 00:00:00-04:00,222.0399932861328,Sell
2022-10-20 00:00:00-04:00,207.27999877929688,Sell
2022-10-21 00:00:00-04:00,214.44000244140625,Sell
2022-10-24 00:00:00-04:00,211.25,Sell
2022-10-25 00:00:00-04:00,222.4199981689453,Sell
2022-10-26 00:00:00-04:00,224.63999938964844,Sell
2022-10-27 00:00:00-04:00,225.08999633789062,Sell
2022-10-28 00:00:00-04:00,228.52000427246094,Sell
2022-10-31 00:00:00-04:00,227.5399932861328,Sell
2022-11-01 00:00:00-04:00,227.82000732421875,Sell
2022-11-02 00:00:00-04:00,214.97999572753906,Sell
2022-11-03 00:00:00-04:00,215.30999755859375,Sell
2022-11-04 00:00:00-04:00,207.47000122070312,Sell
2022-11-07 00:00:00-05:00,197.0800018310547,Sell
2022-11-08 00:00:00-05:00,191.3000030517578,Sell
2022-11-09 00:00:00-05:00,177.58999633789062,Sell
2022-11-10 00:00:00-05:00,190.72000122070312,Sell
2022-11-11 00:00:00-05:00,195.97000122070312,Sell
2022-11-14 00:00:00-05:00,190.9499969482422,Sell
2022-11-15 00:00:00-05:00,194.4199981689453,Sell
2022-11-16 00:00:00-05:00,186.9199981689453,Sell
2022-11-17 00:00:00-05:00,183.1699981689453,Sell
2022-11-18 00:00:00-05:00,180.19000244140625,Sell
2022-11-21 00:00:00-05:00,167.8699951171875,Sell
2022-11-22 00:00:00-05:00,169.91000366210938,Sell
2022-11-23 00:00:00-05:00,183.1999969482422,Sell
2022-11-25 00:00:00-05:00,182.86000061035156,Sell
2022-11-28 00:00:00-05:00,182.9199981689453,Sell
2022-11-29 00:00:00-05:00,180.8300018310547,Sell
2022-11-30 00:00:00-05:00,194.6999969482422,Sell
2022-12-01 00:00:00-05:00,194.6999969482422,Sell
2022-12-02 00:00:00-05:00,194.86000061035156,Buy
2022-12-05 00:00:00-05:00,182.4499969482422,Sell
2022-12-06 00:00:00-05:00,179.82000732421875,Sell
2022-12-07 00:00:00-05:00,174.0399932861328,Sell
2022-12-08 00:00:00-05:00,173.44000244140625,Sell
2022-12-09 00:00:00-05:00,179.0500030517578,Sell
2022-12-12 00:00:00-05:00,167.82000732421875,Sell
2022-12-13 00:00:00-05:00,160.9499969482422,Sell
2022-12-14 00:00:00-05:00,156.8000030517578,Sell
2022-12-15 00:00:00-05:00,157.6699981689453,Sell
2022-12-16 00:00:00-05:00,150.22999572753906,Sell
2022-12-19 00:00:00-05:00,149.8699951171875,Sell
2022-12-20 00:00:00-05:00,137.8000030517578,Sell
2022-12-21 00:00:00-05:00,137.57000732421875,Sell
2022-12-22 00:00:00-05:00,125.3499984741211,Sell
2022-12-23 00:00:00-05:00,123.1500015258789,Sell
2022-12-27 00:00:00-05:00,109.0999984741211,Sell
2022-12-28 00:00:00-05:00,112.70999908447266,Sell
2022-12-29 00:00:00-05:00,121.81999969482422,Sell
2022-12-30 00:00:00-05:00,123.18000030517578,Sell
2023-01-03 00:00:00-05:00,108.0999984741211,Sell
2023-01-04 00:00:00-05:00,113.63999938964844,Sell
2023-01-05 00:00:00-05:00,110.33999633789062,Sell
2023-01-06 00:00:00-05:00,113.05999755859375,Sell
2023-01-09 00:00:00-05:00,119.7699966430664,Sell
2023-01-10 00:00:00-05:00,118.8499984741211,Sell
2023-01-11 00:00:00-05:00,123.22000122070312,Sell
2023-01-12 00:00:00-05:00,123.55999755859375,Sell
2023-01-13 00:00:00-05:00,122.4000015258789,Sell
2023-01-17 00:00:00-05:00,131.49000549316406,Sell
2023-01-18 00:00:00-05:00,128.77999877929688,Sell
2023-01-19 00:00:00-05:00,127.16999816894531,Buy
2023-01-20 00:00:00-05:00,133.4199981689453,Buy
2023-01-23 00:00:00-05:00,143.75,Buy
2023-01-24 00:00:00-05:00,143.88999938964844,Buy
2023-01-25 00:00:00-05:00,144.42999267578125,Buy
2023-01-26 00:00:00-05:00,160.27000427246094,Buy
2023-01-27 00:00:00-05:00,177.89999389648438,Buy
2023-01-30 00:00:00-05:00,166.66000366210938,Buy
2023-01-31 00:00:00-05:00,173.22000122070312,Buy
2023-02-01 00:00:00-05:00,181.41000366210938,Buy
2023-02-02 00:00:00-05:00,188.27000427246094,Buy
2023-02-03 00:00:00-05:00,189.97999572753906,Buy
2023-02-06 00:00:00-05:00,194.75999450683594,Buy
2023-02-07 00:00:00-05:00,196.80999755859375,Buy
2023-02-08 00:00:00-05:00,201.2899932861328,Buy
2023-02-09 00:00:00-05:00,207.32000732421875,Buy
2023-02-10 00:00:00-05:00,196.88999938964844,Buy
2023-02-13 00:00:00-05:00,194.63999938964844,Buy
2023-02-14 00:00:00-05:00,209.25,Buy
2023-02-15 00:00:00-05:00,214.24000549316406,Buy
2023-02-16 00:00:00-05:00,202.0399932861328,Buy
2023-02-17 00:00:00-05:00,208.30999755859375,Buy
2023-02-21 00:00:00-05:00,197.3699951171875,Buy
2023-02-22 00:00:00-05:00,200.86000061035156,Buy
2023-02-23 00:00:00-05:00,202.07000732421875,Buy
2023-02-24 00:00:00-05:00,196.8800048828125,Buy
2023-02-27 00:00:00-05:00,207.6300048828125,Buy
2023-02-28 00:00:00-05:00,205.7100067138672,Buy
2023-03-01 00:00:00-05:00,202.77000427246094,Buy
2023-03-02 00:00:00-05:00,190.89999389648438,Buy
2023-03-03 00:00:00-05:00,197.7899932861328,Buy
2023-03-06 00:00:00-05:00,193.80999755859375,Sell
2023-03-07 00:00:00-05:00,187.7100067138672,Sell
2023-03-08 00:00:00-05:00,182.0,Sell
2023-03-09 00:00:00-05:00,172.9199981689453,Sell
2023-03-10 00:00:00-05:00,173.44000244140625,Sell
2023-03-13 00:00:00-04:00,174.47999572753906,Sell
2023-03-14 00:00:00-04:00,183.25999450683594,Sell
2023-03-15 00:00:00-04:00,180.4499969482422,Sell
2023-03-16 00:00:00-04:00,184.1300048828125,Sell
2023-03-17 00:00:00-04:00,180.1300048828125,Sell
2023-03-20 00:00:00-04:00,183.25,Sell
2023-03-21 00:00:00-04:00,197.5800018310547,Sell
2023-03-22 00:00:00-04:00,191.14999389648438,Sell
2023-03-23 00:00:00-04:00,192.22000122070312,Buy
2023-03-24 00:00:00-04:00,190.41000366210938,Buy
2023-03-27 00:00:00-04:00,191.80999755859375,Buy
2023-03-28 00:00:00-04:00,189.19000244140625,Buy
2023-03-29 00:00:00-04:00,193.8800048828125,Buy
2023-03-30 00:00:00-04:00,195.27999877929688,Buy
2023-03-31 00:00:00-04:00,207.4600067138672,Buy
2023-04-03 00:00:00-04:00,194.77000427246094,Buy
2023-04-04 00:00:00-04:00,192.5800018310547,Buy
2023-04-05 00:00:00-04:00,185.52000427246094,Buy
2023-04-06 00:00:00-04:00,185.05999755859375,Sell
2023-04-10 00:00:00-04:00,184.50999450683594,Sell
2023-04-11 00:00:00-04:00,186.7899932861328,Sell
2023-04-12 00:00:00-04:00,180.5399932861328,Sell
2023-04-13 00:00:00-04:00,185.89999389648438,Sell
2023-04-14 00:00:00-04:00,185.0,Sell
2023-04-17 00:00:00-04:00,187.0399932861328,Sell
2023-04-18 00:00:00-04:00,184.30999755859375,Sell
2023-04-19 00:00:00-04:00,180.58999633789062,Sell
2023-04-20 00:00:00-04:00,162.99000549316406,Sell
2023-04-21 00:00:00-04:00,165.0800018310547,Sell
2023-04-24 00:00:00-04:00,162.5500030517578,Sell
2023-04-25 00:00:00-04:00,160.6699981689453,Sell
2023-04-26 00:00:00-04:00,153.75,Sell
2023-04-27 00:00:00-04:00,160.19000244140625,Sell
2023-04-28 00:00:00-04:00,164.30999755859375,Sell
2023-05-01 00:00:00-04:00,161.8300018310547,Sell
2023-05-02 00:00:00-04:00,160.30999755859375,Sell
2023-05-03 00:00:00-04:00,160.61000061035156,Sell
2023-05-04 00:00:00-04:00,161.1999969482422,Sell
2023-05-05 00:00:00-04:00,170.05999755859375,Sell
2023-05-08 00:00:00-04:00,171.7899932861328,Sell
2023-05-09 00:00:00-04:00,169.14999389648438,Sell
2023-05-10 00:00:00-04:00,168.5399932861328,Sell
2023-05-11 00:00:00-04:00,172.0800018310547,Sell
2023-05-12 00:00:00-04:00,167.97999572753906,Sell
2023-05-15 00:00:00-04:00,166.35000610351562,Sell
2023-05-16 00:00:00-04:00,166.52000427246094,Sell
2023-05-17 00:00:00-04:00,173.86000061035156,Buy
2023-05-18 00:00:00-04:00,176.88999938964844,Buy
2023-05-19 00:00:00-04:00,180.13999938964844,Buy
2023-05-22 00:00:00-04:00,188.8699951171875,Buy
2023-05-23 00:00:00-04:00,185.77000427246094,Buy
2023-05-24 00:00:00-04:00,182.89999389648438,Buy
2023-05-25 00:00:00-04:00,184.47000122070312,Buy
2023-05-26 00:00:00-04:00,193.1699981689453,Buy
2023-05-30 00:00:00-04:00,201.16000366210938,Buy
2023-05-31 00:00:00-04:00,203.92999267578125,Buy
2023-06-01 00:00:00-04:00,207.52000427246094,Buy
2023-06-02 00:00:00-04:00,213.97000122070312,Buy
2023-06-05 00:00:00-04:00,217.61000061035156,Buy
2023-06-06 00:00:00-04:00,221.30999755859375,Buy
2023-06-07 00:00:00-04:00,224.57000732421875,Buy
2023-06-08 00:00:00-04:00,234.86000061035156,Buy
2023-06-09 00:00:00-04:00,244.39999389648438,Buy
2023-06-12 00:00:00-04:00,249.8300018310547,Buy
2023-06-13 00:00:00-04:00,258.7099914550781,Buy
2023-06-14 00:00:00-04:00,256.7900085449219,Buy
2023-06-15 00:00:00-04:00,255.89999389648438,Buy
2023-06-16 00:00:00-04:00,260.5400085449219,Buy
2023-06-20 00:00:00-04:00,274.45001220703125,Buy
2023-06-21 00:00:00-04:00,259.4599914550781,Buy
2023-06-22 00:00:00-04:00,264.6099853515625,Buy
2023-06-23 00:00:00-04:00,256.6000061035156,Buy
2023-06-26 00:00:00-04:00,241.0500030517578,Buy
2023-06-27 00:00:00-04:00,250.2100067138672,Buy
2023-06-28 00:00:00-04:00,256.239990234375,Buy
2023-06-29 00:00:00-04:00,257.5,Buy
2023-06-30 00:00:00-04:00,261.7699890136719,Buy
2023-07-03 00:00:00-04:00,279.82000732421875,Buy
2023-07-05 00:00:00-04:00,282.4800109863281,Buy
2023-07-06 00:00:00-04:00,276.5400085449219,Buy
2023-07-07 00:00:00-04:00,274.42999267578125,Buy
2023-07-10 00:00:00-04:00,269.6099853515625,Buy
2023-07-11 00:00:00-04:00,269.7900085449219,Buy
2023-07-12 00:00:00-04:00,271.989990234375,Buy
2023-07-13 00:00:00-04:00,277.8999938964844,Buy
2023-07-14 00:00:00-04:00,281.3800048828125,Buy
2023-07-17 00:00:00-04:00,290.3800048828125,Buy
2023-07-18 00:00:00-04:00,293.3399963378906,Buy
2023-07-19 00:00:00-04:00,291.260009765625,Buy
2023-07-20 00:00:00-04:00,262.8999938964844,Buy
2023-07-21 00:00:00-04:00,260.0199890136719,Buy
2023-07-24 00:00:00-04:00,269.05999755859375,Sell
2023-07-25 00:00:00-04:00,265.2799987792969,Sell
2023-07-26 00:00:00-04:00,264.3500061035156,Sell
2023-07-27 00:00:00-04:00,255.7100067138672,Sell
2023-07-28 00:00:00-04:00,266.44000244140625,Sell
2023-07-31 00:00:00-04:00,267.42999267578125,Sell
2023-08-01 00:00:00-04:00,261.07000732421875,Sell
2023-08-02 00:00:00-04:00,254.11000061035156,Sell
2023-08-03 00:00:00-04:00,259.32000732421875,Sell
2023-08-04 00:00:00-04:00,253.86000061035156,Sell
2023-08-07 00:00:00-04:00,251.4499969482422,Sell
2023-08-08 00:00:00-04:00,249.6999969482422,Sell
2023-08-09 00:00:00-04:00,242.19000244140625,Sell
2023-08-10 00:00:00-04:00,245.33999633789062,Sell
2023-08-11 00:00:00-04:00,242.64999389648438,Sell
2023-08-14 00:00:00-04:00,239.75999450683594,Sell
2023-08-15 00:00:00-04:00,232.9600067138672,Sell
2023-08-16 00:00:00-04:00,225.60000610351562,Sell
2023-08-17 00:00:00-04:00,219.22000122070312,Sell
2023-08-18 00:00:00-04:00,215.49000549316406,Sell
2023-08-21 00:00:00-04:00,231.27999877929688,Sell
2023-08-22 00:00:00-04:00,233.19000244140625,Sell
2023-08-23 00:00:00-04:00,236.86000061035156,Sell
2023-08-24 00:00:00-04:00,230.0399932861328,Sell
2023-08-25 00:00:00-04:00,238.58999633789062,Sell
2023-08-28 00:00:00-04:00,238.82000732421875,Sell
2023-08-29 00:00:00-04:00,257.17999267578125,Buy
2023-08-30 00:00:00-04:00,256.8999938964844,Buy
2023-08-31 00:00:00-04:00,258.0799865722656,Buy
2023-09-01 00:00:00-04:00,245.00999450683594,Buy
2023-09-05 00:00:00-04:00,256.489990234375,Buy
2023-09-06 00:00:00-04:00,251.9199981689453,Buy
2023-09-07 00:00:00-04:00,251.49000549316406,Buy
2023-09-08 00:00:00-04:00,248.5,Buy
2023-09-11 00:00:00-04:00,273.5799865722656,Buy
2023-09-12 00:00:00-04:00,267.4800109863281,Buy
2023-09-13 00:00:00-04:00,271.29998779296875,Buy
2023-09-14 00:00:00-04:00,276.0400085449219,Buy
2023-09-15 00:00:00-04:00,274.3900146484375,Buy
2023-09-18 00:00:00-04:00,265.2799987792969,Buy
2023-09-19 00:00:00-04:00,266.5,Buy
2023-09-20 00:00:00-04:00,262.5899963378906,Buy
2023-09-21 00:00:00-04:00,255.6999969482422,Buy
2023-09-22 00:00:00-04:00,244.8800048828125,Buy
2023-09-25 00:00:00-04:00,246.99000549316406,Sell
2023-09-26 00:00:00-04:00,244.1199951171875,Sell
2023-09-27 00:00:00-04:00,240.5,Sell
2023-09-28 00:00:00-04:00,246.3800048828125,Sell
2023-09-29 00:00:00-04:00,250.22000122070312,Sell
2023-10-02 00:00:00-04:00,251.60000610351562,Sell
2023-10-03 00:00:00-04:00,246.52999877929688,Sell
2023-10-04 00:00:00-04:00,261.1600036621094,Sell
2023-10-05 00:00:00-04:00,260.04998779296875,Sell
2023-10-06 00:00:00-04:00,260.5299987792969,Buy
2023-10-09 00:00:00-04:00,259.6700134277344,Buy
2023-10-10 00:00:00-04:00,263.6199951171875,Buy
2023-10-11 00:00:00-04:00,262.989990234375,Buy
2023-10-12 00:00:00-04:00,258.8699951171875,Buy
2023-10-13 00:00:00-04:00,251.1199951171875,Sell
2023-10-16 00:00:00-04:00,253.9199981689453,Sell
2023-10-17 00:00:00-04:00,254.85000610351562,Sell
2023-10-18 00:00:00-04:00,242.67999267578125,Sell
2023-10-19 00:00:00-04:00,220.11000061035156,Sell
2023-10-20 00:00:00-04:00,211.99000549316406,Sell
2023-10-23 00:00:00-04:00,212.0800018310547,Sell
2023-10-24 00:00:00-04:00,216.52000427246094,Sell
2023-10-25 00:00:00-04:00,212.4199981689453,Sell
2023-10-26 00:00:00-04:00,205.75999450683594,Sell
2023-10-27 00:00:00-04:00,207.3000030517578,Sell
2023-10-30 00:00:00-04:00,197.36000061035156,Sell
2023-10-31 00:00:00-04:00,200.83999633789062,Sell
2023-11-01 00:00:00-04:00,205.66000366210938,Sell
2023-11-02 00:00:00-04:00,218.50999450683594,Sell
2023-11-03 00:00:00-04:00,219.9600067138672,Sell
2023-11-06 00:00:00-05:00,219.27000427246094,Sell
2023-11-07 00:00:00-05:00,222.17999267578125,Sell
2023-11-08 00:00:00-05:00,222.11000061035156,Sell
2023-11-09 00:00:00-05:00,209.97999572753906,Sell
2023-11-10 00:00:00-05:00,214.64999389648438,Sell
2023-11-13 00:00:00-05:00,223.7100067138672,Sell
2023-11-14 00:00:00-05:00,237.41000366210938,Buy
2023-11-15 00:00:00-05:00,242.83999633789062,Buy
2023-11-16 00:00:00-05:00,233.58999633789062,Buy
2023-11-17 00:00:00-05:00,234.3000030517578,Buy
2023-11-20 00:00:00-05:00,235.60000610351562,Buy
2023-11-21 00:00:00-05:00,241.1999969482422,Buy
2023-11-22 00:00:00-05:00,234.2100067138672,Buy
2023-11-24 00:00:00-05:00,235.4499969482422,Buy
2023-11-27 00:00:00-05:00,236.0800018310547,Buy
2023-11-28 00:00:00-05:00,246.72000122070312,Buy
2023-11-29 00:00:00-05:00,244.13999938964844,Buy
2023-11-30 00:00:00-05:00,240.0800018310547,Buy
2023-12-01 00:00:00-05:00,238.8300018310547,Buy
2023-12-04 00:00:00-05:00,235.5800018310547,Buy
2023-12-05 00:00:00-05:00,238.72000122070312,Buy
2023-12-06 00:00:00-05:00,239.3699951171875,Buy
2023-12-07 00:00:00-05:00,242.63999938964844,Buy
2023-12-08 00:00:00-05:00,243.83999633789062,Buy
2023-12-11 00:00:00-05:00,239.74000549316406,Buy
2023-12-12 00:00:00-05:00,237.00999450683594,Buy
2023-12-13 00:00:00-05:00,239.2899932861328,Buy
2023-12-14 00:00:00-05:00,251.0500030517578,Buy
2023-12-15 00:00:00-05:00,253.5,Buy
2023-12-18 00:00:00-05:00,252.0800018310547,Buy
2023-12-19 00:00:00-05:00,257.2200012207031,Buy
2023-12-20 00:00:00-05:00,247.13999938964844,Buy
2023-12-21 00:00:00-05:00,254.5,Buy
2023-12-22 00:00:00-05:00,252.5399932861328,Buy
2023-12-26 00:00:00-05:00,256.6099853515625,Buy
2023-12-27 00:00:00-05:00,261.44000244140625,Buy
2023-12-28 00:00:00-05:00,253.17999267578125,Buy
2023-12-29 00:00:00-05:00,248.47999572753906,Buy
2024-01-02 00:00:00-05:00,248.4199981689453,Buy
2024-01-03 00:00:00-05:00,238.4499969482422,Sell
2024-01-04 00:00:00-05:00,237.92999267578125,Sell
2024-01-05 00:00:00-05:00,237.49000549316406,Sell
2024-01-08 00:00:00-05:00,240.4499969482422,Sell
2024-01-09 00:00:00-05:00,234.9600067138672,Sell
2024-01-10 00:00:00-05:00,233.94000244140625,Sell
2024-01-11 00:00:00-05:00,227.22000122070312,Sell
2024-01-12 00:00:00-05:00,218.88999938964844,Sell
2024-01-16 00:00:00-05:00,219.91000366210938,Sell
2024-01-17 00:00:00-05:00,215.5500030517578,Sell
2024-01-18 00:00:00-05:00,211.8800048828125,Sell
2024-01-19 00:00:00-05:00,212.19000244140625,Sell
2024-01-22 00:00:00-05:00,208.8000030517578,Sell
2024-01-23 00:00:00-05:00,209.13999938964844,Sell
2024-01-24 00:00:00-05:00,207.8300018310547,Sell
2024-01-25 00:00:00-05:00,182.6300048828125,Sell
2024-01-26 00:00:00-05:00,183.25,Sell
2024-01-29 00:00:00-05:00,190.92999267578125,Sell
2024-01-30 00:00:00-05:00,191.58999633789062,Sell
2024-01-31 00:00:00-05:00,187.2899932861328,Sell
2024-02-01 00:00:00-05:00,188.86000061035156,Sell
2024-02-02 00:00:00-05:00,187.91000366210938,Sell
2024-02-05 00:00:00-05:00,181.05999755859375,Sell
2024-02-06 00:00:00-05:00,185.10000610351562,Sell
2024-02-07 00:00:00-05:00,187.5800018310547,Sell
2024-02-08 00:00:00-05:00,189.55999755859375,Sell
2024-02-09 00:00:00-05:00,193.57000732421875,Sell
2024-02-12 00:00:00-05:00,188.1300048828125,Sell
2024-02-13 00:00:00-05:00,184.02000427246094,Sell
2024-02-14 00:00:00-05:00,188.7100067138672,Sell
2024-02-15 00:00:00-05:00,200.4499969482422,Sell
2024-02-16 00:00:00-05:00,199.9499969482422,Sell
2024-02-20 00:00:00-05:00,193.75999450683594,Buy
2024-02-21 00:00:00-05:00,194.77000427246094,Buy
2024-02-22 00:00:00-05:00,197.41000366210938,Buy
2024-02-23 00:00:00-05:00,191.97000122070312,Buy
2024-02-26 00:00:00-05:00,199.39999389648438,Buy
2024-02-27 00:00:00-05:00,199.72999572753906,Buy
2024-02-28 00:00:00-05:00,202.0399932861328,Buy
2024-02-29 00:00:00-05:00,201.8800048828125,Buy
2024-03-01 00:00:00-05:00,202.63999938964844,Buy
2024-03-04 00:00:00-05:00,188.13999938964844,Buy
2024-03-05 00:00:00-05:00,180.74000549316406,Sell
2024-03-06 00:00:00-05:00,176.5399932861328,Sell
2024-03-07 00:00:00-05:00,178.64999389648438,Sell
2024-03-08 00:00:00-05:00,175.33999633789062,Sell
2024-03-11 00:00:00-04:00,177.77000427246094,Sell
2024-03-12 00:00:00-04:00,177.5399932861328,Sell
2024-03-13 00:00:00-04:00,169.47999572753906,Sell
2024-03-14 00:00:00-04:00,162.5,Sell
2024-03-15 00:00:00-04:00,163.57000732421875,Sell
2024-03-18 00:00:00-04:00,173.8000030517578,Sell
2024-03-19 00:00:00-04:00,171.32000732421875,Sell
2024-03-20 00:00:00-04:00,175.66000366210938,Sell
2024-03-21 00:00:00-04:00,172.82000732421875,Sell
2024-03-22 00:00:00-04:00,170.8300018310547,Sell
2024-03-25 00:00:00-04:00,172.6300048828125,Sell
2024-03-26 00:00:00-04:00,177.6699981689453,Sell
2024-03-27 00:00:00-04:00,179.8300018310547,Sell
2024-03-28 00:00:00-04:00,175.7899932861328,Sell
2024-04-01 00:00:00-04:00,175.22000122070312,Sell
2024-04-02 00:00:00-04:00,166.6300048828125,Sell
2024-04-03 00:00:00-04:00,168.3800048828125,Sell
2024-04-04 00:00:00-04:00,171.11000061035156,Sell
2024-04-05 00:00:00-04:00,164.89999389648438,Sell
2024-04-08 00:00:00-04:00,172.97999572753906,Sell
2024-04-09 00:00:00-04:00,176.8800048828125,Sell
2024-04-10 00:00:00-04:00,171.75999450683594,Buy
2024-04-11 00:00:00-04:00,174.60000610351562,Buy
2024-04-12 00:00:00-04:00,171.0500030517578,Buy
2024-04-15 00:00:00-04:00,161.47999572753906,Sell
2024-04-16 00:00:00-04:00,157.11000061035156,Sell
2024-04-17 00:00:00-04:00,155.4499969482422,Sell
2024-04-18 00:00:00-04:00,149.92999267578125,Sell
2024-04-19 00:00:00-04:00,147.0500030517578,Sell
2024-04-22 00:00:00-04:00,142.0500030517578,Sell
2024-04-23 00:00:00-04:00,144.67999267578125,Sell
2024-04-24 00:00:00-04:00,162.1300048828125,Sell
2024-04-25 00:00:00-04:00,170.17999267578125,Sell
2024-04-26 00:00:00-04:00,168.2899932861328,Buy
2024-04-29 00:00:00-04:00,194.0500030517578,Buy
2024-04-30 00:00:00-04:00,183.27999877929688,Buy
